City_ID,City,Country,Max Temp,Current Description,Lat,Lng,Hotel Name
0,Flin Flon,CA,51.84,overcast clouds,54.7682,-101.865,Victoria Inn Flin Flon
2,Busselton,AU,70.0,overcast clouds,-33.65,115.3333,Observatory Guest House
3,Marawi,PH,75.0,overcast clouds,7.9986,124.2928,Derogongan Residence
4,Waipawa,NZ,56.34,light rain,-41.4122,175.5153,Tora Coastal Walk
5,Lazaro Cardenas,MX,79.29,overcast clouds,17.9583,-102.2,HOTEL QUINTA ANTIGUA
6,Pisco,PE,57.25,scattered clouds,-13.7,-76.2167,Hotel San Isidro Oficial
7,Isla Mujeres,MX,77.16,broken clouds,21.2311,-86.731,Hotel La Joya Isla Mujeres
8,Makakilo City,US,80.56,few clouds,21.3469,-158.0858,Marriott's Ko Olina Beach Club
9,Kruisfontein,ZA,60.89,overcast clouds,-34.0033,24.7314,Oyster Bay House Rental
10,Mount Gambier,AU,54.75,overcast clouds,-37.8333,140.7667,The Commodore
11,Yeppoon,AU,78.58,overcast clouds,-23.1333,150.7333,Villa Mar Colina
13,Taltal,CL,56.28,clear sky,-25.4,-70.4833,Residencial Karime
14,Bosaso,SO,89.58,clear sky,11.2842,49.1816,Red Sea Hotel
15,Jamestown,US,54.99,overcast clouds,42.097,-79.2353,Hampton Inn & Suites Jamestown
16,Albany,US,54.52,broken clouds,42.6001,-73.9662, 
18,Arraial Do Cabo,BR,68.97,light rain,-22.9661,-42.0278,Pousada Porto Praia
20,Thompson,CA,50.16,broken clouds,55.7435,-97.8558,Burntwood Hotel
21,Butaritari,KI,82.56,scattered clouds,3.0707,172.7902,Isles Sunset Lodge
22,Cape Town,ZA,58.37,clear sky,-33.9258,18.4232,"Radisson Blu Hotel Waterfront, Cape Town"
23,Broome,US,52.7,overcast clouds,42.2506,-75.833,Chenango Valley State Park
27,Ha Tinh,VN,80.04,light rain,18.3333,105.9,Ph√∫ Qu√Ω
28,Laguna,US,73.18,clear sky,38.421,-121.4238,"Holiday Inn Express & Suites Elk Grove Central - Hwy 99, an IHG Hotel"
29,Victoria,HK,89.96,overcast clouds,22.2855,114.1577,Mini Central
30,San Patricio,US,81.84,clear sky,28.017,-97.5169,"Motel 6 Sinton, TX"
31,Mount Isa,AU,65.97,overcast clouds,-20.7333,139.5,ibis Styles Mt Isa Verona
32,Portel,BR,73.45,scattered clouds,-1.9356,-50.8211,Kitnet do Marcos
33,Misratah,LY,78.49,overcast clouds,32.3754,15.0925,Almasa Hotel
34,Flagstaff,US,64.06,broken clouds,35.1981,-111.6513,Drury Inn & Suites Flagstaff
37,Bereda,ES,56.41,overcast clouds,43.2686,-7.5406,Pazo de Verdes
38,Rikitea,PF,70.36,scattered clouds,-23.1203,-134.9692,People ThankYou
39,Porto Walter,BR,74.98,clear sky,-8.2686,-72.7439,Hotel Silva
40,Vaini,TO,72.21,light rain,-21.2,-175.2,Keleti Beach Resort
41,Banda Aceh,ID,84.07,overcast clouds,5.5577,95.3222,OYO 884 Rumoh PMI Hotel
42,Bredasdorp,ZA,52.65,overcast clouds,-34.5322,20.0403,Bredasdorp Country Manor
43,Muroran,JP,66.85,broken clouds,42.3172,140.9881,Muroran Prince Hotel
44,Margherita,IN,88.56,scattered clouds,27.2833,95.6833,Dehing Guest House
45,Castro,BR,57.94,moderate rain,-24.7911,-50.0119,CHACARA BAILLY
46,Atuona,PF,77.0,few clouds,-9.8,-139.0333,Villa Enata
49,Lompoc,US,60.94,clear sky,34.6391,-120.4579,"Holiday Inn Express Lompoc, an IHG Hotel"
51,Lagoa,PT,69.26,broken clouds,39.05,-27.9833,Casa Das Faias
53,Hobart,AU,58.23,broken clouds,-42.8794,147.3294,St Ives Hobart Accommodation Tasmania
54,Itoman,JP,86.4,few clouds,26.1247,127.6694,Southern Beach Hotel & Resort Okinawa
55,Caravelas,BR,72.93,clear sky,-17.7125,-39.2481,Pousada dos Navegantes
56,Carnarvon,AU,79.95,overcast clouds,-24.8667,113.6333,Hospitality Carnarvon
58,Faanui,PF,79.09,clear sky,-16.4833,-151.75,Bora-Bora Pearl Beach Resort & Spa
61,Torbay,CA,67.28,overcast clouds,47.6666,-52.7314,Gallows Cove
62,La Rioja,ES,53.38,broken clouds,42.25,-2.5,Casa Concejos
66,Hermanus,ZA,55.26,broken clouds,-34.4187,19.2345,Misty Waves Boutique Hotel
67,Somanda,TZ,68.13,overcast clouds,-3.3667,33.95, 
68,Ucluelet,CA,57.09,overcast clouds,48.9329,-125.5528,Black Rock Oceanfront Resort
69,Kapaa,US,82.38,scattered clouds,22.0752,-159.319,Sheraton Kauai Coconut Beach Resort
70,Yellowknife,CA,54.12,scattered clouds,62.456,-114.3525,The Explorer Hotel
71,Bilma,NE,86.58,broken clouds,18.6853,12.9164,Expeditions T√©n√©re voyages
74,Octeville,FR,52.29,broken clouds,49.6261,-1.6435,H√¥tel Le Louvre Cherbourg
75,Comodoro Rivadavia,AR,53.91,clear sky,-45.8667,-67.5,Austral Hotel
76,Ouadda,CF,66.65,overcast clouds,8.0777,22.4007, 
79,Meulaboh,ID,76.71,overcast clouds,4.1363,96.1285,Kost Pria
80,Kendari,ID,87.53,broken clouds,-3.945,122.4989,Hotel Wixel
81,Yulara,AU,78.94,clear sky,-25.2406,130.9889,Desert Gardens Hotel - Ayers Rock Resort
82,San Ignacio,BZ,72.03,broken clouds,17.1561,-89.0714,Rainforest Haven Inn
83,Bronnoysund,NO,53.6,scattered clouds,65.4625,12.1997,Corner Hotel
84,Hilo,US,82.27,broken clouds,19.7297,-155.09,Hilo Hawaiian Hotel
86,Sorland,NO,51.66,few clouds,67.667,12.6934,Sjybrygga fiskecamp
87,Humaita,BR,78.44,broken clouds,-7.5061,-63.0208,Corr√™a Hotel
88,Constitucion,CL,52.57,clear sky,-35.3333,-72.4167,Hotel Boutique Las Azucenas
89,Pervomayskoye,RU,68.36,broken clouds,43.919,46.7102, 
92,Port-Gentil,GA,75.49,light rain,-0.7193,8.7815,Fengshui Residence
93,Cabo San Lucas,MX,84.06,clear sky,22.8909,-109.9124,Hotel Tesoro Los Cabos
95,Silver City,US,66.69,scattered clouds,32.7701,-108.2803,Copper Manor Motel
96,Mitu,CO,72.81,light rain,1.1983,-70.1733, 
97,Geraldton,AU,84.61,clear sky,-28.7667,114.6,Broadwater Mariner Resort
98,Camacupa,AO,63.23,overcast clouds,-12.0167,17.4833, 
99,Airai,TL,73.71,overcast clouds,-8.9266,125.4092, 
100,Georgetown,MY,85.95,few clouds,5.4112,100.3354,Cititel Penang
101,Berezovyy,RU,56.7,scattered clouds,51.6667,135.7,"Hotel ""Phoenix"""
103,Harindanga,IN,88.27,broken clouds,22.0383,88.3214,Hasanur Builders
104,New Norfolk,AU,57.88,overcast clouds,-42.7826,147.0587,The Shingles Riverside Cottages
105,Seoul,KR,74.64,overcast clouds,37.5683,126.9778,LOTTE HOTEL SEOUL
107,Karratha,AU,86.07,clear sky,-20.7377,116.8463,ibis Styles Karratha
108,Boende,CD,70.88,overcast clouds,-0.2167,20.8667, 
109,Kloulklubed,PW,75.7,moderate rain,7.0419,134.2556,Storyboard Beach Resort
110,Tuatapere,NZ,54.01,overcast clouds,-46.1333,167.6833,Ron and Tony's Bed & Breakfast
111,Manokwari,ID,82.62,light rain,-0.8667,134.0833,Swiss Belhotel Manokwari
113,Ambatofinandrahana,MG,60.26,clear sky,-20.55,46.8,commune ambatofinandrahana
114,Sao Filipe,CV,78.1,scattered clouds,14.8961,-24.4956,Hotel Xaguate
115,Vaitape,PF,79.09,clear sky,-16.5167,-151.75,Conrad Bora Bora Nui
116,Puertollano,ES,56.16,clear sky,38.6871,-4.1073,Hotel Puertollano
117,Altamira,BR,71.87,few clouds,-3.2033,-52.2064,Requinte Hotel
119,Batemans Bay,AU,59.09,overcast clouds,-35.7167,150.1833,Batemans Bay Marina Resort
120,Port Alfred,ZA,65.17,overcast clouds,-33.5906,26.891,The Halyards Hotel
122,Cockburn Town,TC,82.35,few clouds,21.4612,-71.1419,Osprey Beach Hotel
123,Vila Velha,BR,72.95,broken clouds,-20.3297,-40.2925,Hotel Vit√≥ria Palace
124,Emerald,AU,85.55,light rain,-23.5333,148.1667,The Irish Village
125,Hay River,CA,55.51,broken clouds,60.8156,-115.7999,Ptarmigan Inn
126,Paragominas,BR,71.1,clear sky,-2.9667,-47.4833,INOVA
127,Westport,US,59.86,scattered clouds,41.1415,-73.3579,The Westport Inn
128,Praia Da Vitoria,PT,66.76,light rain,38.7333,-27.0667,Hotel Branco I
130,Flinders,AU,67.28,few clouds,-34.5833,150.8552,Shellharbour Resort & Conference Centre
131,Sao Joao Da Barra,BR,71.8,overcast clouds,-21.6403,-41.0511,Pousada Porto De Canoas
132,Baherden,TM,76.26,clear sky,38.4362,57.4316, 
135,Sola,VU,80.76,few clouds,-13.8833,167.55,Leumerus Bungalows
137,Tchibanga,GA,70.32,overcast clouds,-2.85,11.0333, 
138,Saint George,US,80.94,clear sky,37.1041,-113.5841,Best Western Plus Abbey Inn
139,Natal,BR,70.45,few clouds,-5.795,-35.2094,Villa Park Hotel | Natal
142,Beloha,MG,74.86,clear sky,-25.1667,45.05, 
143,Belogorsk,RU,52.12,few clouds,50.9158,128.4611,Gostinitsa Vostok 2000
144,Conway,US,63.79,broken clouds,35.0887,-92.4421,"Country Inn & Suites by Radisson, Conway, AR"
145,Hithadhoo,MV,76.68,light rain,-0.6,73.0833,Scoop Guest House
146,San Quintin,MX,72.01,clear sky,30.4833,-115.95,Don Eddie's Sport Fishing Center
147,Dumas,US,69.94,clear sky,35.8656,-101.9732,"Holiday Inn Express & Suites Dumas, an IHG Hotel"
148,Burns Lake,CA,53.76,broken clouds,54.2331,-125.7533,Burns Lake Bed and Breakfast
150,Smithers,CA,54.3,broken clouds,54.7804,-127.1743,"Prestige Hudson Bay Lodge, Premier Collection"
151,Beni Mazar,EG,79.56,clear sky,28.4962,30.8029,Link Co-Working space & Development center
152,Codrington,AU,53.49,overcast clouds,-38.2667,141.9667,Codrington Gardens Bed And Breakfast
153,Oum Hadjer,TD,76.01,overcast clouds,13.2954,19.6966, 
157,Do Gonbadan,IR,84.63,clear sky,30.3586,50.7981,ŸÖÿ≥ÿßŸÅÿ±ÿÆÿßŸÜŸá ÿ¥ÿßÿØ€å
158,San Andres,CO,82.42,broken clouds,12.5847,-81.7006,Hotel Arena Blanca
159,Bengkulu,ID,81.39,broken clouds,-3.8004,102.2655,Grage Hotel Bengkulu
160,Souillac,MU,73.78,broken clouds,-20.5167,57.5167,Shanti Maurice Resort & Spa
161,Saint-Pierre,RE,73.08,overcast clouds,-21.3393,55.4781,Alize Plage
162,Kabare,CD,64.06,overcast clouds,-2.4683,28.8242,H√¥tel Panorama
164,Inhambane,MZ,74.89,clear sky,-23.865,35.3833,Oceano
165,Portland,US,68.05,broken clouds,45.5234,-122.6762,Embassy Suites by Hilton Portland Downtown
166,Barinas,VE,73.44,overcast clouds,8.6226,-70.2075,Hotel Mastranto Suite
168,Joshimath,IN,72.54,scattered clouds,30.5667,79.5667,Shivalik Camps & Resort
170,Sitka,US,53.49,overcast clouds,57.0531,-135.33,Westmark Sitka
171,Da Lat,VN,63.7,overcast clouds,11.9465,108.4419,YK Home Villa Dalat
172,Sakakah,SA,80.15,clear sky,29.9697,40.2064,Fakhamat Al Orjoana Apartment
173,Touros,BR,72.86,clear sky,-5.1989,-35.4608,INN NEW HORIZON
174,Nicoya,CR,74.61,overcast clouds,10.1483,-85.452,Las Cabinas Del Sue√±o
175,Ponta Do Sol,PT,70.43,overcast clouds,32.6667,-17.1,Hotel do Campo
176,Waddan,LY,82.35,clear sky,29.1614,16.139,ŸÖÿ≠ŸÑ ÿßŸÑÿ¥ÿ±ŸäŸÅ ŸÖÿ≠ŸÖÿØ ÿßŸÑÿπÿßŸäÿ®
177,Campo Grande,BR,63.95,thunderstorm with rain,-20.4428,-54.6464,Residencial e Hotel S√™nior Salmos 23
178,Half Moon Bay,US,63.1,scattered clouds,37.4636,-122.4286,"The Ritz-Carlton, Half Moon Bay"
180,Awbari,LY,82.0,clear sky,26.5921,12.7805,ÿßÿ≥ÿ™ÿ±ÿßÿ≠ÿ© ÿßŸÑÿ¥ÿßÿ±ÿ® ÿßŸÑÿπÿßÿ¶ŸÑŸä
181,Santa Maria,BR,54.28,clear sky,-29.6842,-53.8069,Hotel Morotin
182,Juan Aldama,MX,58.87,broken clouds,24.2908,-103.3944,Hotel Morales
183,Huangnihe,CN,73.65,few clouds,43.5583,128.0239,Jinxin Bathing Fashion Hotel
184,Havelock,US,68.94,overcast clouds,34.8791,-76.9013,Sherwood Motel
186,Port Elizabeth,ZA,64.69,light intensity drizzle,-33.918,25.5701,39 On Nile Guest House
187,Padang,ID,75.25,overcast clouds,-0.9492,100.3543,Mercure Padang
188,Angoche,MZ,78.26,clear sky,-16.2325,39.9086,Guest House HESADA
189,Kaitangata,NZ,55.08,broken clouds,-46.2817,169.8464,Kaitangata Motor Camp
191,Avarua,CK,77.05,broken clouds,-21.2078,-159.775,Paradise Inn
192,La Primavera,CO,74.01,overcast clouds,5.4906,-70.4092,La Riviera Hotel Colonial
194,Asyut,EG,85.71,clear sky,27.181,31.1837,ŸÅŸÜÿØŸÇ ŸÖŸäÿ≥ ÿ•Ÿäÿ¨Ÿäÿ®ÿ™ Miss Egypt Hotel
197,Saldanha,ZA,56.01,scattered clouds,-33.0117,17.9442,Blue Bay Lodge
203,Puerto Ayora,EC,65.55,overcast clouds,-0.7393,-90.3518,Finch Bay Galapagos Hotel
204,Pafos,CY,69.58,few clouds,34.7667,32.4167,Elysium Hotel
205,Tumbes,PE,69.87,broken clouds,-3.5667,-80.4414,Wyndham Costa del Sol Tumbes
206,Saint-Joseph,RE,71.98,scattered clouds,-21.3667,55.6167,"""Plantation Bed and Breakfast"
208,Takoradi,GH,74.37,light rain,4.8845,-1.7554,Raybow International Hotel
209,Mahibadhoo,MV,81.95,overcast clouds,3.7833,72.9667,Omadhoo Inn
210,La Ronge,CA,56.68,overcast clouds,55.1001,-105.2842,Northland Motor Hotel
211,Sistranda,NO,55.36,broken clouds,63.7256,8.834,Hotell Fr√∏ya
212,Salinopolis,BR,78.12,few clouds,-0.6136,-47.3561,Salinas Park Resort Ma√ßarico AP101
214,Aksu,CN,78.4,clear sky,41.1231,80.2644,Pudong Holiday Hotel
215,Havre-Saint-Pierre,CA,50.36,mist,50.2334,-63.5986,Auberge Niapiskau 2
216,Trairi,BR,77.61,clear sky,-3.2778,-39.2689,janelas do mar
217,Komsomolskiy,UZ,70.52,clear sky,40.4272,71.7189,Ikathouse
218,Guiberoua,CI,68.68,light rain,6.2392,-6.1727,HOTEL LAGOTCH√â
220,Alofi,NU,78.06,light rain,-19.0595,-169.9187,Taloa Heights
221,Cravo Norte,CO,73.96,overcast clouds,6.3017,-70.2041,Hotel Potos√≠ Los Mirtos
222,Cidreira,BR,58.21,clear sky,-30.1811,-50.2056,Hotel Castelo
223,Lata,PT,56.91,broken clouds,40.1629,-8.3327,Casa Maquia
224,Paso De Los Toros,UY,51.51,scattered clouds,-32.8167,-56.5167,Complejo Isabelino
225,Bundaberg,AU,73.22,light rain,-24.85,152.35,Takalvan Motel
226,Baruun-Urt,MN,72.68,overcast clouds,46.6806,113.2792,–ê—Ö–º–∞–¥—ã–Ω –∞–º—Ä–∞–ª—Ç —Å—É–≤–∏–ª–∞–ª
227,East London,ZA,68.94,broken clouds,-33.0153,27.9116,Tu Casa
228,High Level,CA,59.83,few clouds,58.5169,-117.136,Days Inn by Wyndham High Level
229,Alta Floresta,BR,70.29,scattered clouds,-9.8756,-56.0861,Floresta Amazonica Hotel
232,Ahipara,NZ,61.16,light rain,-35.1667,173.1667,Ahipara Holiday Park
233,Moengo,SR,74.43,broken clouds,5.6167,-54.4,Masanga
234,Tautira,PF,77.58,few clouds,-17.7333,-149.15,Pension Oaoa
235,Gunjur,GM,75.27,scattered clouds,13.2019,-16.7339,Jallo Kurundingoto Eco Tourist Camp
236,Chuy,UY,53.37,clear sky,-33.6971,-53.4616,Nuevo Hotel Plaza
237,Manaure,CO,82.56,light rain,11.7751,-72.4445,Hotel Palaaima
240,Terney,RU,67.57,clear sky,45.0503,136.6092,"Hotel ""Ternay"""
241,Axim,GH,74.53,light rain,4.8699,-2.2405,Axim Beach Resort And Spa
243,Yungay,PE,59.9,light rain,-9.1383,-77.7436,Hotel Rima Rima Yungay Peru
244,Xixiang,CN,88.48,clear sky,35.1628,112.865,Hongchang Rest House
245,Kargil,IN,54.16,clear sky,34.5667,76.1,Hotel Caravan Sarai Kargil
246,Narrabri,AU,67.51,few clouds,-30.3167,149.7833,Crossroads Hotel
247,Bow Island,CA,66.52,scattered clouds,49.8668,-111.3684,Silver Sage Motel
248,Abu Samrah,SY,67.98,clear sky,35.3029,37.1841, 
249,Hami,CN,80.11,clear sky,42.8,93.45,Laoyutang Resort
250,Dingle,PH,82.83,heavy intensity rain,10.9995,122.6711,SEGAYA PROPERTY
251,Katsuura,JP,77.13,clear sky,35.1333,140.3,Katsuura Hotel Mikazuki
252,Campbell River,CA,61.45,broken clouds,50.0163,-125.2446,Anchor Inn & Suites
253,Birin,NP,71.92,scattered clouds,26.8865,88.0718,Sangam Hospitality
255,Sulangan,PH,81.79,light rain,11.1373,123.7228,Maia's Beach Resort
256,Harper,LR,74.84,moderate rain,4.375,-7.7169,Screensaver
257,Golden Gate,US,78.98,moderate rain,26.1879,-81.6951,Quality Inn & Suites Golf Resort
258,Dodge City,US,67.93,clear sky,37.7528,-100.0171,Windsor Inn & Suites
260,Ketchikan,US,57.9,overcast clouds,55.3422,-131.6461,Snow's Cove Lodge
261,Khartoum,SD,89.98,few clouds,15.5518,32.5324,Hotel China
262,Coahuayana,MX,77.61,overcast clouds,18.7333,-103.6833,El rranchito michuacan de ocampos
263,Sungaipenuh,ID,77.41,overcast clouds,-2.0833,101.3833,Penginapan Citra Alam
265,Mwinilunga,ZM,65.64,scattered clouds,-11.7358,24.4293,Kwakuwahi Lodge
266,San Isidro,PE,60.01,broken clouds,-12.1167,-77.05,Radisson Hotel Decapolis Miraflores
267,Deder,ET,62.06,clear sky,9.3167,41.45,Ayube Hotel
268,Horta,PT,68.79,few clouds,38.5333,-28.6333,Hotel do Canal | Horta - Faial
269,Los Llanos De Aridane,ES,67.75,broken clouds,28.6585,-17.9182,Valle Aridane
270,Hargeysa,SO,75.88,clear sky,9.56,44.065,City Center Hotel
271,Tessalit,ML,86.94,broken clouds,20.1986,1.0114, 
272,Palmer,US,55.51,few clouds,42.1584,-72.3287,Wedgewood Motel
273,Tripoli,LY,77.05,light rain,32.8752,13.1875,Al Waddan Hotel
275,Esperance,AU,68.99,clear sky,-33.8667,121.9,Hospitality Esperance
276,America Dourada,BR,64.65,clear sky,-11.4553,-41.4361,Cantinho das araras
278,Manakara,MG,68.45,light rain,-22.1333,48.0167,La Residence Manakara
279,Manggar,ID,85.26,broken clouds,-2.8833,108.2667,Guest Hotel
280,Saint-Philippe,RE,72.99,scattered clouds,-21.3585,55.7679,Le four √† pain
281,Siswa Bazar,IN,84.36,overcast clouds,27.15,83.7667,Rajesh
282,Loikaw,MM,82.6,broken clouds,19.6742,97.2094,Myat Nan Taw Hotel
285,Gravelbourg,CA,63.77,clear sky,49.8834,-106.5512,Historic Bishops Residence Bed & Breakfast
286,Yeovil,GB,52.43,overcast clouds,50.9416,-2.6321,The Globe & Crown
289,Gusau,NG,73.45,overcast clouds,12.1628,6.6614,GUEST INN
290,Bethel,US,56.48,scattered clouds,41.3712,-73.414,Courtyard by Marriott Danbury
291,Muros,ES,61.09,overcast clouds,42.7762,-9.0603,Apartment Av. Castelao
292,Xining,CN,61.54,clear sky,36.6167,101.7667,Super Leisure Hotel
293,Ambanja,MG,77.76,clear sky,-13.6833,48.45,Hotel Salama and Fast Food
294,Cahul,MD,58.84,clear sky,45.9075,28.1944,Auto Lux
295,Lundazi,ZM,71.08,clear sky,-12.2929,33.1782,Knox Lodge
297,Severo-Kurilsk,RU,53.17,clear sky,50.6789,156.125,Kak Doma
298,Santa Isabel,BR,60.44,overcast clouds,-23.3156,-46.2214,Ch√°cara Sombra do Alt√≠ssimo
300,Raudeberg,NO,52.47,overcast clouds,61.9875,5.1352,Nordre Silda.
301,Pushkar,IN,86.61,clear sky,26.5,74.55,Orchard - Tents and Tranquility
302,Martapura,ID,89.69,scattered clouds,-3.4167,114.85,Montana Hotel Syariah
304,Abu Dhabi,AE,87.96,clear sky,24.4667,54.3667,Beach Rotana
305,Mocuba,MZ,76.59,clear sky,-16.8392,36.9856,Phama Lodge
307,Pontes E Lacerda,BR,72.81,broken clouds,-15.2261,-59.3353,Hotel Bressan
310,San Juan,AR,55.27,overcast clouds,-31.5375,-68.5364,Hotel Provincial
311,Vao,NC,74.28,broken clouds,-22.6667,167.4833,Hotel Kou-Bugny
312,Kulu,TR,65.3,scattered clouds,39.0951,33.0799,Kapadokya Motel
313,Mahebourg,MU,74.25,broken clouds,-20.4081,57.7,Shandrani Beachcomber Resort & Spa
314,Bambous Virieux,MU,74.21,broken clouds,-20.3428,57.7575,Casa Tia Villa
315,Todos Santos,MX,80.65,clear sky,23.45,-110.2167,Hotel California Todos Santos
317,Prescott,US,71.87,clear sky,34.54,-112.4685,Prescott Resort & Conference Center
318,Santa Fe,AR,63.99,light rain,-31.6333,-60.7,Conquistador Hotel
321,Lanzhou,CN,72.9,clear sky,36.0564,103.7922,Lanzhou Amdo Xiangbala Hotel
322,Tahta,EG,86.86,clear sky,26.7693,31.5021,ŸÅŸÜÿØŸÇ ÿßŸÑÿ≤Ÿäÿßÿ™
323,Te Anau,NZ,50.65,overcast clouds,-45.4167,167.7167,Kingsgate Hotel Te Anau
325,Carballo,ES,60.01,overcast clouds,43.213,-8.691,Pazo do Souto
326,Alanya,TR,73.94,broken clouds,36.5438,31.9998,Panorama Hotel
327,Mercedes,AR,52.65,few clouds,-34.6515,-59.4307,Posada del Inti Centro
328,Ribeira Grande,PT,70.02,few clouds,38.5167,-28.7,Quinta da Meia Eira
329,Wahiawa,US,76.77,few clouds,21.5028,-158.0236,The Inn At Schofield
330,Beira,MZ,75.29,scattered clouds,-19.8436,34.8389,Beira Terrace Hotel
331,Kahului,US,79.84,few clouds,20.8947,-156.47,Maui Seaside Hotel
333,Yamada,JP,66.45,overcast clouds,39.4667,141.95,Iroha-ya Inn
335,Prado,BR,72.43,clear sky,-17.3411,-39.2208,INN CORNER RIVER - PRADO - BAHIA - HOUSING AND HOTEL
336,Ellisras,ZA,69.26,clear sky,-23.6649,27.7443,Lapa le le guesthouse
337,Port Blair,IN,83.3,broken clouds,11.6667,92.75,"Welcomhotel By ITC Hotels, Bay Island, Port Blair"
338,Fortuna,US,53.98,broken clouds,40.5982,-124.1573,Super 8 by Wyndham Fortuna
339,Ulladulla,AU,67.1,light rain,-35.35,150.4667,Sandpiper Motel
340,Doha,QA,87.78,clear sky,25.2867,51.5333,M√∂venpick Doha
342,Bathsheba,BB,78.04,overcast clouds,13.2167,-59.5167,Atlantis Hotel
343,Avera,US,62.11,overcast clouds,33.194,-82.5271, 
345,Abha,SA,67.71,clear sky,18.2164,42.5053,Abha Hotel
346,Levashi,RU,64.15,broken clouds,42.4304,47.3215,Gostinitsa Islam
347,Romitan,UZ,67.95,clear sky,39.9343,64.3814,Hotel Temur
348,Gizo,SB,84.67,broken clouds,-8.103,156.8419,Imagination Island
349,Kavieng,PG,84.69,overcast clouds,-2.5744,150.7967,Nusa Island Retreat
350,Buala,SB,83.77,broken clouds,-8.145,159.5921,Maringe Lagoon Lodge
352,Lamar,US,70.36,clear sky,33.6668,-95.5836,Kings Inn Paris TX
353,Almeirim,BR,74.55,broken clouds,-1.5233,-52.5817,Ric√°cio Hotel
354,Tarija,BO,55.89,broken clouds,-21.5355,-64.7296,Hostal Granny
355,Coxim,BR,76.15,broken clouds,-18.5067,-54.76,Rancho Da Curica
357,Ambilobe,MG,79.32,few clouds,-13.2,49.05,H√¥tel & Restaurant DIANA Ambilobe
358,Pangoa,PE,71.02,overcast clouds,-12.1167,-73.0, 
359,Faya,SA,67.75,clear sky,18.3851,42.4509,ÿ¥ŸäŸÑÿ© ŸÜÿ≥ÿßŸäŸÖ
360,Broken Hill,AU,60.01,overcast clouds,-31.95,141.4333,Royal Exchange Hotel
361,Christchurch,NZ,61.41,broken clouds,-43.5333,172.6333,The George
363,Kalmunai,LK,86.7,overcast clouds,7.4167,81.8167,VS Villa
364,Tete,MZ,78.89,smoke,-16.1564,33.5867,Zambeze Para√≠so Misterioso
365,Vanino,RU,75.76,clear sky,49.0869,140.2543,–ì–æ—Å—Ç–∏–Ω–∏—Ü–∞ 5 –ó–≤–µ–∑–¥
366,Kavaratti,IN,81.64,scattered clouds,10.5669,72.642,Green leaf
367,Sinop,TR,66.06,broken clouds,41.7711,34.8709, 
368,Apiai,BR,58.08,moderate rain,-24.5094,-48.8425,Pousada Villa Branca
371,Rathdrum,US,65.64,few clouds,47.8137,-116.892,Grizzly Lodge Rathdrum
372,Kota Kinabalu,MY,87.78,moderate rain,5.9749,116.0724,Gaya Centre Hotel
373,Dilla,ET,66.27,broken clouds,6.41,38.31,Afomiya Pension
375,Vanimo,PG,83.44,overcast clouds,-2.6741,141.3028,Vahmoneh Lodge Vanimo
376,Acarau,BR,77.54,clear sky,-2.8856,-40.12,castelo pizzaria
377,Kyzyl-Suu,KG,60.04,scattered clouds,42.3414,78.0056,Gostinitsa Nur-Ordo
378,Upington,ZA,74.37,overcast clouds,-28.4478,21.2561,River Place Manor
380,Noumea,NC,85.98,broken clouds,-22.2763,166.4572,H√¥tel Le Lagon
382,Boma,GH,70.36,overcast clouds,7.0805,-2.1697,Obaatanpa Hotel
383,Cozumel,MX,78.46,broken clouds,20.5083,-86.9458,Cozumel Palace¬Æ All Inclusive Resort
384,Daloa,CI,68.49,light rain,6.8774,-6.4502,Imans Hotel Daloa
385,Malgrat De Mar,ES,63.95,broken clouds,41.6466,2.7414,AQUA Hotel Aquamarina & Spa
388,Hirara,JP,82.26,clear sky,24.8,125.2833,Hotel Atoll Emerald Miyakojima
389,Sucua,EC,64.98,broken clouds,-2.4667,-78.1667,Finca el Piura
390,Thakurgaon,BD,85.93,overcast clouds,26.0333,88.4667,Chowdhury Khokon Fisheries Head Office
391,Urucara,BR,76.73,clear sky,-2.5364,-57.76,Pousada Maria Bonita
392,Payakumbuh,ID,84.42,overcast clouds,-0.2202,100.6308,Dalimo Homestay
393,Richards Bay,ZA,71.71,scattered clouds,-28.783,32.0377,BON Hotel Waterfront Richards Bay
394,Charters Towers,AU,80.19,broken clouds,-20.1,146.2667,Cattleman's Rest Motor Inn
395,Qingdao,CN,74.39,overcast clouds,36.0986,120.3719,Le Meridien Qingdao
397,Perth,AU,81.01,clear sky,-31.9333,115.8333,Quest on Rheola
400,Morondava,MG,76.75,clear sky,-20.2833,44.2833,La Case Bambou
401,Dwarka,IN,82.35,few clouds,22.2394,68.9678,Hotel Narayan Avezika Comfort
403,Shingu,JP,76.15,broken clouds,33.7333,135.9833,Shingu UI Hotel
405,Menongue,AO,63.09,broken clouds,-14.6585,17.691,Ritz Lauca
406,Lusambo,CD,68.29,overcast clouds,-4.9667,23.45, 
407,Roebourne,AU,86.49,clear sky,-20.7833,117.1333,Latitude20 Roebourne Village
408,San Cristobal,VE,66.25,overcast clouds,7.7669,-72.225,Pirineos
409,Port Keats,AU,89.24,scattered clouds,-14.25,129.55,Kardu Durrikardu Numida Hostel
410,Tucuman,AR,55.0,overcast clouds,-26.8241,-65.2226,Dallas Hotel Tucuman
411,Marzuq,YE,81.61,clear sky,14.4,46.4667,ÿ≠ŸäÿØ ÿßŸÑŸÇŸÅŸÑÿ©
412,Keita,NE,79.54,overcast clouds,14.7551,5.7749, 
413,Jacareacanga,BR,79.32,overcast clouds,-6.2222,-57.7528,Casa do Ianüòé
414,Porto Novo,BJ,74.3,moderate rain,6.4965,2.6036,Tour Eiffel Hotel Benin
416,Baculin,PH,78.85,moderate rain,7.4525,126.5842,Baculin Cove Beach Resort
417,Srivardhan,IN,81.68,overcast clouds,18.0333,73.0167,Savli Resort/Hotel - Shrivardhan
418,Gorontalo,ID,89.8,broken clouds,0.5412,123.0595,Maqna Hotel by Prasanthi
419,Arzignano,IT,58.48,overcast clouds,45.5193,11.3386,La Pieve Hotel
420,Khakhea,BW,71.29,clear sky,-24.6895,23.494, 
421,Sao Felix Do Xingu,BR,75.06,broken clouds,-6.6447,-51.995,Rio Xingu Camping
422,Owando,CG,70.12,overcast clouds,-0.4819,15.8999,Exaunel Hotel Owando
423,Tateyama,JP,76.64,clear sky,34.9833,139.8667,Tateyama Seaside Hotel
424,Kiama,AU,67.48,light rain,-34.6833,150.8667,The Sebel Kiama Harbourside
426,Willowmore,ZA,57.76,broken clouds,-33.2926,23.4895,Jumper's Place
427,Agucadoura,PT,61.25,broken clouds,41.4318,-8.7804,Varzinn Hotel
428,Freeport,US,62.56,clear sky,40.6576,-73.5832,The Freeport Inn and Marina
429,Grivenskaya,RU,66.54,light rain,45.6473,38.176, 
430,Buraydah,SA,84.11,clear sky,26.326,43.975,M√∂venpick Qassim
432,Iwanai,JP,71.47,broken clouds,42.9744,140.5089,„ÅÑ„Çè„Å™„ÅÑÈ´òÂéü„Éõ„ÉÜ„É´
433,Gambela,ET,71.47,light rain,8.25,34.5833,Solomon Debebe Hotel
434,Porto Santo,PT,66.58,scattered clouds,33.072,-16.3415,Hotel Porto Santo & Spa
435,Sambava,MG,71.64,broken clouds,-14.2667,50.1667,Melrose
436,Puerto Penasco,MX,86.92,clear sky,31.3167,-113.5333,Playa Bonita Resort
438,Marsh Harbour,BS,82.67,overcast clouds,26.5412,-77.0636,Abaco Beach Resort
441,Varhaug,NO,56.48,overcast clouds,58.6147,5.6457,Jonas Bue
443,Tiarei,PF,78.82,few clouds,-17.5333,-149.3333,Le Rocher de Tahiti
444,Ipixuna,BR,72.79,clear sky,-1.7625,-48.8043,Chal√© do Mato
446,Nagato,JP,73.45,overcast clouds,34.3833,131.2,„ÅÑ„Åù„ÅÜÂ∫µ
447,Port Lincoln,AU,56.7,broken clouds,-34.7333,135.8667,Port Lincoln Hotel
448,Jalu,LY,81.77,clear sky,29.0331,21.5482,ÿµÿßÿ≠ÿ®ÿ© ÿßŸÑŸÅÿÆÿßŸÖÿ©
449,Boa Vista,BR,78.78,clear sky,2.8197,-60.6733,Aipana Plaza Hotel
451,Abu Kamal,SY,74.59,clear sky,34.4506,40.9171,ÿßŸÑÿ®ŸàŸÉŸÖÿßŸÑ
452,Acapulco,MX,78.64,overcast clouds,16.8634,-99.8901,HS Hotsson Smart Acapulco
454,Marienburg,PL,52.84,heavy intensity rain,54.0359,19.0266,Hotel Centrum Malbork
455,Morant Bay,JM,78.42,overcast clouds,17.8815,-76.4093,Whispering Bamboo Cove Resort
456,Zunyi,CN,73.27,broken clouds,27.6867,106.9072,Bishiluo Hostel
457,Prince Rupert,CA,57.61,overcast clouds,54.3161,-130.3201,Crest Hotel
458,Hambantota,LK,88.14,few clouds,6.1241,81.1185,Bungalow 63
460,Namibe,AO,61.03,scattered clouds,-15.1961,12.1522,Hotel Chik Chik Namibe
462,Montepuez,MZ,72.12,few clouds,-13.1256,38.9997,PembaAparthotel
463,Yuanping,CN,78.35,clear sky,38.7153,112.7575,Yuanping Xinghe Guesthouse
464,Poum,NC,77.65,clear sky,-20.2333,164.0167, 
465,Herat,AF,75.11,clear sky,34.5,62.0, 
466,Porto Torres,IT,68.18,overcast clouds,40.835,8.3972,Hotel Elisa
467,Kutum,SD,75.24,clear sky,14.2,24.6667,Dibbo areaŸÖŸÜÿ∑ŸÇÿ© ÿØÿ®Ÿà
468,Daru,PG,83.46,broken clouds,-9.0763,143.2092,Daru Lodge
470,Amapa,BR,69.19,scattered clouds,1.0,-52.0, 
472,Cuite,BR,62.04,clear sky,-6.4836,-36.1536,Hotel Planalto
473,Aleksandro-Nevskiy,RU,52.83,overcast clouds,53.4751,40.2095, 
475,Algodones,MX,74.41,broken clouds,20.3888,-105.4773, 
476,Cordele,US,62.58,clear sky,31.9635,-83.7824,Ramada by Wyndham Cordele
477,Berezivka,UA,60.44,overcast clouds,47.2043,30.9078,Orion
478,Trelew,AR,55.2,clear sky,-43.249,-65.3051,Hotel Touring Club
480,Buguey,PH,86.68,broken clouds,18.2893,121.8311,THEA'S RESORT & LODGING INN
481,Xalpatlahuac,MX,60.03,scattered clouds,17.4667,-98.6167,Hotel Villareal
482,Reconquista,AR,60.8,broken clouds,-29.15,-59.65,Grand Hotel
483,Bonthe,SL,74.82,scattered clouds,7.5264,-12.505,Bonthe Holiday Village
484,Thinadhoo,MV,79.45,overcast clouds,0.5333,72.9333, 
485,Tomatlan,MX,76.17,few clouds,19.9333,-105.25,El Salvial
488,Guerrero Negro,MX,74.73,clear sky,27.9769,-114.0611,"Casa Laguna, Bed & Breakfast"
489,Nouadhibou,MR,73.9,broken clouds,20.931,-17.0347,El Medina
490,Lola,GN,66.2,scattered clouds,7.8,-8.5333, 
491,Balykshi,KZ,64.4,clear sky,47.0667,51.8667,–ì–æ—Å—Ç–∏–Ω–∏—Ü–∞ Golden Rose
492,Boueni,YT,78.78,few clouds,-12.9025,45.0761,The feet in water
493,Dongsheng,CN,73.74,clear sky,39.8161,109.9776,Crowne Plaza Ordos
494,Green Valley,US,85.03,scattered clouds,31.8543,-110.9937,Best Western Green Valley Inn
496,Erzin,TR,71.38,clear sky,36.9559,36.2,Artemis Otel
498,Salalah,OM,80.62,scattered clouds,17.0151,54.0924,"HAMDAN PLAZA HOTEL SALALAH, an HTG Hotel"
500,Northampton,US,51.91,clear sky,40.8754,-75.2499,Gateway Motel
502,Neiafu,TO,79.48,scattered clouds,-18.65,-173.9833,Mystic Sands Beachfront Accommodation
503,Masallatah,LY,76.17,light rain,32.6167,14.0,Mustafa Taher Sowaidan
505,Barao De Melgaco,BR,75.49,light rain,-16.1944,-55.9675,Tuiuiu Pantanal Hotel
506,Bairiki,KI,86.0,few clouds,1.3292,172.9752,Tarawa Boutique Hotel
507,Severnyy,RU,55.44,fog,50.677,36.5532,Full House North Mini-Hotel
508,Mosetse,BW,71.2,clear sky,-20.75,26.65, 
509,Zarechnyy,RU,52.0,light rain,53.2036,45.1923,–ü–æ—Å—Ç–æ—è–ª—ã–π –î–æ–º
510,Port Hardy,CA,56.48,overcast clouds,50.6996,-127.4199,Airport Inn-Port Hardy
511,Kilembe,UG,63.14,overcast clouds,0.2,30.0,ACIF Hotel Ltd
512,Lorengau,PG,84.99,overcast clouds,-2.0226,147.2712,Lorengau Harbourside Hotel
513,Bogoslovka,RU,52.2,light rain,53.2084,44.8013,Dubrava
514,Aloleng,PH,82.67,overcast clouds,16.1307,119.7824,Steve Walden and Emma Sison-Walden Residence
519,Pemba,MZ,75.85,light rain,-12.974,40.5178,Guesthouse Samotina
521,Ambon,ID,87.94,scattered clouds,-3.6954,128.1814,Swiss-Belhotel Ambon
522,Yershov,RU,54.57,overcast clouds,51.3513,48.2766,Gudok
523,Serra Talhada,BR,66.87,clear sky,-7.9919,-38.2983,Pousada S√£o Luiz
524,Vasai,IN,84.29,overcast clouds,19.47,72.8,Jivdani Kripa
525,Matara,LK,82.35,overcast clouds,5.9485,80.5353,Amaloh Boutique Resort
526,Nemuro,JP,62.2,light rain,43.3236,145.575,Hotel Nemuro Kaiyoutei
527,Carbonia,IT,68.02,broken clouds,39.1672,8.5222,Lu 'Hotel
528,Pacific Grove,US,62.28,clear sky,36.6177,-121.9166,Lovers Point Inn
531,Riyadh,SA,85.66,clear sky,24.6877,46.7219,"InterContinental Riyadh, an IHG Hotel"
533,Rurrenabaque,BO,78.24,broken clouds,-14.4413,-67.5278,Casa de Campo
534,Tosya,TR,66.9,broken clouds,41.0155,34.0401,Galeri Basri
535,Zarate,AR,54.84,few clouds,-34.0981,-59.0286,Departamento c√©ntrico 2 ambientes 45 mt2 en Z√°rate
536,Asosa,ET,63.61,scattered clouds,10.0667,34.5333,Blendana Hotel Assosa
537,Oranjestad,AW,84.07,overcast clouds,12.524,-70.027,Divi Village Golf & Beach Resort
539,Murgab,TM,76.03,clear sky,37.4966,61.9714,Wepa Nurly√Ωew
540,Tual,ID,83.34,few clouds,-5.6667,132.75,Grand Vilia Hotel
541,Shenjiamen,CN,75.15,broken clouds,29.9576,122.298,Jinjiang Inn Zhoushan Putuo Shenjiamen
542,Byron Bay,AU,80.94,scattered clouds,-28.65,153.6167,Backpackers Inn
547,Manbij,SY,66.76,clear sky,36.5281,37.9549,Manbej City Hotel
548,Erenhot,CN,81.9,clear sky,43.6475,111.9767,Erenhot Rurouni Youth Hostel
549,Hervey Bay,AU,75.02,overcast clouds,-25.2986,152.8535,Shelly Bay Resort
550,Alamosa,US,58.98,broken clouds,37.4695,-105.87,Best Western Alamosa Inn
551,Roald,NO,54.34,clear sky,62.5833,6.1333,Flem Cabins
552,Noshiro,JP,68.14,overcast clouds,40.2039,140.0242,Suigetsu
555,Samarai,PG,83.5,few clouds,-10.6167,150.6667,Nuli Sapi
557,Kirakira,SB,83.68,broken clouds,-10.4544,161.9205,SanBiz Lodge
558,Kamaishi,JP,67.14,overcast clouds,39.2667,141.8833,Hotel Route Inn Kamaishi
561,Domanivka,UA,58.14,overcast clouds,47.6319,30.9885,"Hotel π ""Blahopoluchcha"""
562,Srandakan,ID,82.89,broken clouds,-7.9386,110.2506,Puri Brata
563,Lerwick,GB,50.0,broken clouds,60.1545,-1.1494,The Lerwick Hotel
564,Shitanjing,CN,75.4,clear sky,39.2342,106.3439,Yingbin Hotel
565,Ivankiv,UA,51.4,overcast clouds,50.9386,29.8943,Ekohospresurs
566,Antibes,FR,63.86,broken clouds,43.5624,7.1278,"ROYAL ANTIBES Luxury Hotel, Residence, Beach & Spa"
567,Lodwar,KE,82.02,clear sky,3.1191,35.5973,Solmar Gracious Hotel
569,Soto La Marina,MX,71.78,scattered clouds,23.7667,-98.2167,Hotel Chicago
570,Nishihara,JP,87.85,scattered clouds,26.1842,127.7558,Minshuku Agaihama
571,Nanga Eboko,CM,67.08,overcast clouds,4.6833,12.3667,Motel Papi Palace
572,Hereford,GB,50.61,overcast clouds,52.0568,-2.7148,The Green Dragon Hotel
573,Oussouye,SN,77.7,overcast clouds,12.485,-16.5469,Auberge du Routard
574,Alice Springs,AU,79.21,clear sky,-23.7,133.8833,Desert Palms Alice Springs
575,Ambulu,ID,86.92,scattered clouds,-8.345,113.6058,Hotel Ambulu Jember
576,Makat,KZ,65.79,overcast clouds,47.6469,53.3463,Umit
578,Jumla,NP,71.44,clear sky,29.2747,82.1838,Royal Garden Hotel
579,Easton,US,53.94,clear sky,40.6884,-75.2207,Grand Eastonian Hotel & Suites
580,Lady Frere,ZA,66.18,overcast clouds,-31.7031,27.2329,Nonceba Guest House
581,Mubende,UG,64.36,overcast clouds,0.5606,31.39,Nakayima Hotel
582,Waingapu,ID,87.3,few clouds,-9.6567,120.2641,Pondok Wisata Elim
583,Samoylovka,RU,59.22,light rain,51.184,43.7081, 
584,Conceicao Do Araguaia,BR,80.94,clear sky,-8.2578,-49.2647,Tarum√£ Tropical Hotel
585,Ararat,AM,57.54,clear sky,39.8317,44.7049,NORSED MOTEL/–ù–û–†–°–ï–î –ú–û–¢–ï–õ–¨/’Ü’à’ê’ç‘µ‘¥ ’Ñ’à‘π‘µ‘º
586,Rawson,AR,54.59,clear sky,-43.3002,-65.1023,Hosteria Sampedro
587,Amurzet,RU,60.51,overcast clouds,47.6967,131.0981,Gostinitsa Kvartirnogo Tipa
588,Lewisporte,CA,65.91,overcast clouds,49.2499,-55.0482,Ocean View Bed & Breakfast
589,Olinda,BR,73.13,scattered clouds,-8.0089,-34.8553,Flat Quatro Rodas Olinda
590,Paracuru,BR,79.11,clear sky,-3.41,-39.0306,Hotel Vento Brasil
591,Itarema,BR,77.58,clear sky,-2.9248,-39.9167,"Sea Lounge! Bar, Club & Restaurant"
592,Ilo,PE,59.5,few clouds,-17.6394,-71.3375,Torreblanca Hotel
593,Almenara,BR,67.19,light rain,-16.1836,-40.6944,Pousada Est√¢ncia
594,Lae,PG,84.78,broken clouds,-6.7221,146.9847,Phils Hotel
595,Salinas,US,65.46,clear sky,36.6777,-121.6555,Laurel Inn & Conference Center
596,Cap-Aux-Meules,CA,56.61,overcast clouds,47.3821,-61.8597,Ch√¢teau Madelinot
597,Houma,US,68.0,clear sky,29.5958,-90.7195,Courtyard by Marriott Houma
598,Spring Hill,US,76.05,moderate rain,28.4769,-82.5255,Millennium Suites Llc
602,Nantucket,US,60.91,clear sky,41.2835,-70.0995,Jared Coffin House
605,Pringsewu,ID,87.96,scattered clouds,-5.3582,104.9744,Urban Style by Front One
606,Hasaki,JP,82.29,clear sky,35.7333,140.8333,Inubosaki Kanko Hotel
608,Milkovo,RU,51.78,broken clouds,54.7167,158.6167,"Hotel ""Geologist"""
609,Ladovskaya Balka,RU,64.96,overcast clouds,45.6297,41.4023, 
611,Miri,MY,86.74,broken clouds,4.4148,114.0089,"Mega Hotel, Miri"
613,Victoria Point,AU,78.69,broken clouds,-27.5833,153.3,Bay Retreat Motel
614,Katwa,IN,89.76,scattered clouds,23.6399,88.128,AURS MULTITRADE INDIA
615,Gryazi,RU,54.64,overcast clouds,52.4966,39.9359,–ì–æ—Å—Ç–∏–Ω–∏—Ü–∞ –ù–∏–∫–∞
616,Asau,RO,51.28,broken clouds,46.4333,26.4,Casa Mika Ciobanus
617,Riberalta,BO,78.55,few clouds,-10.9833,-66.1,Hotel Colonial
618,Saquarema,BR,68.43,overcast clouds,-22.92,-42.5103,Hotel Fazenda Sol e Lua
619,Sabha,LY,81.82,clear sky,27.0377,14.4283,ŸÖÿ≠ÿ∑ÿ© ÿßŸÖ ÿßŸÑÿßÿ±ÿßŸÜÿ® -ÿ≥ÿ®Ÿáÿß ŸÖŸàÿßÿµŸÑÿßÿ™
620,Port Moresby,PG,82.45,scattered clouds,-9.4431,147.1797,Lamana Hotel (Port Moresby)
621,Zaragoza,ES,59.45,few clouds,41.6561,-0.8773,Hotel Goya
622,Fiumicino,IT,64.65,few clouds,41.7675,12.2291,Hotel Al Porticciolo
624,Buritizeiro,BR,75.79,overcast clouds,-17.3511,-44.9622,Santos Palace Hotel
625,Itamaraca,BR,73.45,clear sky,-7.7478,-34.8256,Special K's Bed & Breakfast
626,Price,US,65.12,clear sky,39.5994,-110.8107,National 9 - Price River Inn
627,Belmonte,BR,72.57,clear sky,-15.8631,-38.8828,Pousada Monte Carmelo O P√£o
628,Ler,SS,74.53,clear sky,8.3018,30.1418,Leer Humanitarian Hub
631,Hovd,MN,59.99,overcast clouds,48.0056,91.6419,Hotel Buyant
634,Luganville,VU,82.8,scattered clouds,-15.5333,167.1667,The Espiritu Hotel
635,Anchorage,US,50.95,broken clouds,61.2181,-149.9003,Hotel Captain Cook
637,Kerema,PG,83.61,broken clouds,-7.9631,145.7785,Frena Lodge
638,Copiapo,CL,51.49,clear sky,-27.3667,-70.3333,Antay Casino Hotel
641,Aron,IN,83.26,few clouds,24.3833,77.4167,Shri Ram marriage garden aron
642,Koumac,NC,79.38,few clouds,-20.5667,164.2833,Le Monitel
645,Mahendragarh,IN,90.0,scattered clouds,28.2833,76.15,Yadav Dharamshala
646,Ratnagiri,IN,81.14,few clouds,16.9833,73.3,Hotel Landmark
648,Rassvet,RU,65.41,overcast clouds,46.8333,40.75, 
649,Pimentel,PE,61.41,few clouds,-6.8367,-79.9342,Hotel Puerto del Sol
650,Cananeia,BR,63.64,light rain,-25.0147,-47.9267,Pousada Ancoradouro
652,Juneau,US,50.22,broken clouds,58.3019,-134.4197,"Baranof Downtown, BW Signature Collection"
653,Beberibe,BR,76.37,clear sky,-4.1797,-38.1306,Villa Arte Pousada Morro Branco
655,Warrnambool,AU,53.69,overcast clouds,-38.3833,142.4833,Lady Bay Resort
656,San Diego De La Union,MX,54.57,broken clouds,21.4667,-100.8667,Marcos Gonz√°lez rojas
657,Antofagasta,CL,55.85,few clouds,-23.65,-70.4,"Holiday Inn Express Antofagasta, an IHG Hotel"
658,Tecolutla,MX,74.52,overcast clouds,20.4833,-97.0167,Hotel Plaza Marsol
660,Sabzevar,IR,76.21,clear sky,36.2126,57.6819,Ÿæÿ≤ÿ¥⁄©€å ŸÇÿßŸÜŸàŸÜ€å ÿ≥ÿ®ÿ≤Ÿàÿßÿ±
661,Qinhuangdao,CN,81.45,overcast clouds,39.9317,119.5883,Qinhuangdao Peninsula Seasons Hotel And Apartment
663,Bandarbeyla,SO,83.73,broken clouds,9.4942,50.8122,JABIR HOTEL
664,Uppsala,SE,51.31,overcast clouds,60.0,17.75,Fr√∂sunda LSS AB Eget Boende Jan Eriks V√§g
668,Beni Suef,EG,80.46,clear sky,29.0731,31.0979,Jewel Inn Beni Suef
669,Goma,CD,65.05,overcast clouds,-1.6792,29.2228,"Goma, CENTRE D'ACCUEIL CARITAS"
670,Awjilah,LY,82.13,clear sky,29.1081,21.2869,ÿßŸÑŸÖŸÜÿ≤ŸÑ
671,Upata,VE,75.2,overcast clouds,8.0086,-62.3989,Posada Villa Nela
672,Boffa,GN,73.51,light rain,10.1667,-14.0333,H√¥tel Niara Belly
673,Goderich,CA,54.91,light rain,43.7501,-81.7165,Harmony Inn
674,Bonavista,CA,62.78,overcast clouds,48.6499,-53.1147,Sweet Sharons bnb
675,Isangel,VU,79.32,few clouds,-19.55,169.2667,Tanna Lodge
676,Huangmei,CN,87.19,broken clouds,30.1924,116.025,Tianxiachan Hotel
677,Pitimbu,BR,72.19,clear sky,-7.4706,-34.8086,Reserva do Abia√≠
678,Adwa,ET,68.49,few clouds,14.1646,38.8955,Maay Assa Hotel
679,Tooele,US,68.97,clear sky,40.5308,-112.2983,"Holiday Inn Express & Suites Tooele, an IHG Hotel"
680,Zhanaozen,KZ,68.34,broken clouds,43.3,52.8,K.korabay 28A
681,Puerto Colombia,CO,78.89,overcast clouds,10.9878,-74.9547,Hotel El Emigrante
682,Ati,TD,76.15,overcast clouds,13.2154,18.3353, 
684,Mandalgovi,MN,72.93,broken clouds,45.7625,106.2708,–í.–ì–∞–Ω–±–∞—Ç
685,Dubai,AE,89.89,scattered clouds,25.2582,55.3047,"Radisson Blu Hotel, Dubai Deira Creek"
686,Coquimbo,CL,55.13,overcast clouds,-29.9533,-71.3436,Hotel San Juan
687,Bara,NG,71.29,overcast clouds,10.3744,10.7288, 
689,Camacha,PT,63.82,scattered clouds,33.0833,-16.3333,Hotel Porto Santo & Spa
690,Vredendal,ZA,54.73,broken clouds,-31.6683,18.5012,Tharrakamma Guest House
691,Carutapera,BR,77.88,broken clouds,-1.195,-46.02,Lidera
692,Zirandaro,MX,75.45,overcast clouds,18.45,-100.9833,El Naranjo
693,Sakaiminato,JP,72.0,broken clouds,35.55,133.2333,Italian pasley
694,Sol-Iletsk,RU,51.73,overcast clouds,51.1631,54.9918,Raduzhnaya
695,Sao Paulo De Olivenca,BR,75.6,broken clouds,-3.3783,-68.8725, 
