City_ID,City,Country,Lat,Lng,Max Temp,Humidity,Cloudiness,Wind Speed,Current Description
0,Flin Flon,CA,54.7682,-101.865,51.84,64,88,9.42,overcast clouds
1,Tiksi,RU,71.6872,128.8694,32.34,87,100,17.58,light snow
2,Busselton,AU,-33.65,115.3333,70.0,54,97,2.35,overcast clouds
3,Marawi,PH,7.9986,124.2928,75.0,88,98,1.25,overcast clouds
4,Waipawa,NZ,-41.4122,175.5153,56.34,66,98,6.02,light rain
5,Lazaro Cardenas,MX,17.9583,-102.2,79.29,85,100,2.19,overcast clouds
6,Pisco,PE,-13.7,-76.2167,57.25,88,38,2.3,scattered clouds
7,Isla Mujeres,MX,21.2311,-86.731,77.16,83,60,10.04,broken clouds
8,Makakilo City,US,21.3469,-158.0858,80.56,68,13,11.88,few clouds
9,Kruisfontein,ZA,-34.0033,24.7314,60.89,93,90,6.67,overcast clouds
10,Mount Gambier,AU,-37.8333,140.7667,54.75,64,85,9.51,overcast clouds
11,Yeppoon,AU,-23.1333,150.7333,78.58,69,100,12.68,overcast clouds
12,Mar Del Plata,AR,-38.0023,-57.5575,46.94,75,0,1.99,clear sky
13,Taltal,CL,-25.4,-70.4833,56.28,73,0,1.1,clear sky
14,Bosaso,SO,11.2842,49.1816,89.58,48,0,0.0,clear sky
15,Jamestown,US,42.097,-79.2353,54.99,77,100,11.01,overcast clouds
16,Albany,US,42.6001,-73.9662,54.52,91,76,4.34,broken clouds
17,Derzhavinsk,KZ,51.1,66.3167,37.47,51,93,9.75,overcast clouds
18,Arraial Do Cabo,BR,-22.9661,-42.0278,68.97,94,98,12.91,light rain
19,Stornoway,GB,58.2093,-6.3865,45.03,92,78,6.91,broken clouds
20,Thompson,CA,55.7435,-97.8558,50.16,71,75,11.5,broken clouds
21,Butaritari,KI,3.0707,172.7902,82.56,71,43,15.48,scattered clouds
22,Cape Town,ZA,-33.9258,18.4232,58.37,80,0,3.44,clear sky
23,Broome,US,42.2506,-75.833,52.7,84,100,3.0,overcast clouds
24,Maniitsoq,GL,65.4167,-52.9,42.33,94,100,8.46,overcast clouds
25,Strezhevoy,RU,60.7333,77.5889,32.58,69,93,9.24,overcast clouds
26,Ancud,CL,-41.8697,-73.8203,42.78,85,0,5.39,clear sky
27,Ha Tinh,VN,18.3333,105.9,80.04,91,100,18.52,light rain
28,Laguna,US,38.421,-121.4238,73.18,62,0,5.75,clear sky
29,Victoria,HK,22.2855,114.1577,89.96,73,97,18.99,overcast clouds
30,San Patricio,US,28.017,-97.5169,81.84,48,0,5.93,clear sky
31,Mount Isa,AU,-20.7333,139.5,65.97,82,100,12.66,overcast clouds
32,Portel,BR,-1.9356,-50.8211,73.45,89,34,3.31,scattered clouds
33,Misratah,LY,32.3754,15.0925,78.49,72,90,4.92,overcast clouds
34,Flagstaff,US,35.1981,-111.6513,64.06,65,58,1.43,broken clouds
35,Punta Arenas,CL,-53.15,-70.9167,48.31,61,75,25.32,broken clouds
36,Mataura,NZ,-46.1927,168.8643,49.48,96,86,1.05,moderate rain
37,Bereda,ES,43.2686,-7.5406,56.41,100,100,4.29,overcast clouds
38,Rikitea,PF,-23.1203,-134.9692,70.36,60,31,11.39,scattered clouds
39,Porto Walter,BR,-8.2686,-72.7439,74.98,71,4,2.77,clear sky
40,Vaini,TO,-21.2,-175.2,72.21,85,17,24.85,light rain
41,Banda Aceh,ID,5.5577,95.3222,84.07,65,100,16.93,overcast clouds
42,Bredasdorp,ZA,-34.5322,20.0403,52.65,90,87,2.93,overcast clouds
43,Muroran,JP,42.3172,140.9881,66.85,67,58,10.13,broken clouds
44,Margherita,IN,27.2833,95.6833,88.56,59,44,3.67,scattered clouds
45,Castro,BR,-24.7911,-50.0119,57.94,99,100,6.26,moderate rain
46,Atuona,PF,-9.8,-139.0333,77.0,78,11,21.43,few clouds
47,Myaundzha,RU,63.0494,147.1858,33.84,66,62,4.68,broken clouds
48,Fairbanks,US,64.8378,-147.7164,39.6,92,94,5.61,overcast clouds
49,Lompoc,US,34.6391,-120.4579,60.94,91,0,10.0,clear sky
50,Bluff,NZ,-46.6,168.3333,49.8,83,90,3.74,overcast clouds
51,Lagoa,PT,39.05,-27.9833,69.26,71,81,18.41,broken clouds
52,Ushuaia,AR,-54.8,-68.3,38.8,96,100,6.44,overcast clouds
53,Hobart,AU,-42.8794,147.3294,58.23,75,75,18.41,broken clouds
54,Itoman,JP,26.1247,127.6694,86.4,70,20,8.05,few clouds
55,Caravelas,BR,-17.7125,-39.2481,72.93,89,0,8.28,clear sky
56,Carnarvon,AU,-24.8667,113.6333,79.95,36,99,4.76,overcast clouds
57,Qaanaaq,GL,77.484,-69.3632,25.97,90,97,8.59,overcast clouds
58,Faanui,PF,-16.4833,-151.75,79.09,73,6,13.33,clear sky
59,Lavrentiya,RU,65.5833,-171.0,38.25,76,100,9.35,overcast clouds
60,Nanortalik,GL,60.1432,-45.2371,42.37,97,100,6.17,overcast clouds
61,Torbay,CA,47.6666,-52.7314,67.28,92,99,1.99,overcast clouds
62,La Rioja,ES,42.25,-2.5,53.38,92,55,5.41,broken clouds
63,Klaksvik,FO,62.2266,-6.589,45.52,91,100,17.52,overcast clouds
64,Sisimiut,GL,66.9395,-53.6735,41.13,84,94,8.23,overcast clouds
65,Sept-Iles,CA,50.2001,-66.3821,47.05,97,96,4.47,overcast clouds
66,Hermanus,ZA,-34.4187,19.2345,55.26,82,60,5.64,broken clouds
67,Somanda,TZ,-3.3667,33.95,68.13,60,99,11.65,overcast clouds
68,Ucluelet,CA,48.9329,-125.5528,57.09,93,97,1.01,overcast clouds
69,Kapaa,US,22.0752,-159.319,82.38,78,30,9.62,scattered clouds
70,Yellowknife,CA,62.456,-114.3525,54.12,71,40,9.22,scattered clouds
71,Bilma,NE,18.6853,12.9164,86.58,14,62,7.14,broken clouds
72,Barrow,US,71.2906,-156.7887,30.22,80,100,11.5,overcast clouds
73,Ilulissat,GL,69.2167,-51.1,41.02,93,100,6.91,overcast clouds
74,Octeville,FR,49.6261,-1.6435,52.29,71,75,6.91,broken clouds
75,Comodoro Rivadavia,AR,-45.8667,-67.5,53.91,45,0,8.37,clear sky
76,Ouadda,CF,8.0777,22.4007,66.65,92,100,3.96,overcast clouds
77,Chokurdakh,RU,70.6333,147.9167,28.98,59,66,8.84,broken clouds
78,Lasa,IT,46.6166,10.7002,39.69,78,92,4.52,overcast clouds
79,Meulaboh,ID,4.1363,96.1285,76.71,88,100,3.38,overcast clouds
80,Kendari,ID,-3.945,122.4989,87.53,59,63,7.14,broken clouds
81,Yulara,AU,-25.2406,130.9889,78.94,18,0,13.06,clear sky
82,San Ignacio,BZ,17.1561,-89.0714,72.03,97,52,3.4,broken clouds
83,Bronnoysund,NO,65.4625,12.1997,53.6,62,40,8.05,scattered clouds
84,Hilo,US,19.7297,-155.09,82.27,90,73,1.99,broken clouds
85,Palu,ID,-0.8917,119.8707,91.87,49,90,3.96,overcast clouds
86,Sorland,NO,67.667,12.6934,51.66,75,23,11.65,few clouds
87,Humaita,BR,-7.5061,-63.0208,78.44,64,56,2.3,broken clouds
88,Constitucion,CL,-35.3333,-72.4167,52.57,77,0,3.11,clear sky
89,Pervomayskoye,RU,43.919,46.7102,68.36,75,78,7.65,broken clouds
90,Whitehaven,GB,54.549,-3.5841,44.65,100,54,1.01,broken clouds
91,Tilichiki,RU,60.4667,166.1,37.65,90,100,1.19,light rain
92,Port-Gentil,GA,-0.7193,8.7815,75.49,88,100,7.56,light rain
93,Cabo San Lucas,MX,22.8909,-109.9124,84.06,78,1,1.99,clear sky
94,Zeya,RU,53.75,127.2667,47.41,50,23,8.1,few clouds
95,Silver City,US,32.7701,-108.2803,66.69,50,40,9.22,scattered clouds
96,Mitu,CO,1.1983,-70.1733,72.81,89,67,1.41,light rain
97,Geraldton,AU,-28.7667,114.6,84.61,17,0,5.75,clear sky
98,Camacupa,AO,-12.0167,17.4833,63.23,70,98,2.42,overcast clouds
99,Airai,TL,-8.9266,125.4092,73.71,62,99,0.81,overcast clouds
100,Georgetown,MY,5.4112,100.3354,85.95,80,20,4.61,few clouds
101,Berezovyy,RU,51.6667,135.7,56.7,40,32,11.3,scattered clouds
102,Aklavik,CA,68.2191,-135.0107,30.31,91,100,12.17,overcast clouds
103,Harindanga,IN,22.0383,88.3214,88.27,63,54,1.16,broken clouds
104,New Norfolk,AU,-42.7826,147.0587,57.88,74,96,1.01,overcast clouds
105,Seoul,KR,37.5683,126.9778,74.64,33,100,3.2,overcast clouds
106,Opuwo,NA,-18.0607,13.84,63.95,23,2,2.46,clear sky
107,Karratha,AU,-20.7377,116.8463,86.07,24,4,11.65,clear sky
108,Boende,CD,-0.2167,20.8667,70.88,96,100,2.08,overcast clouds
109,Kloulklubed,PW,7.0419,134.2556,75.7,75,100,6.13,moderate rain
110,Tuatapere,NZ,-46.1333,167.6833,54.01,84,94,1.61,overcast clouds
111,Manokwari,ID,-0.8667,134.0833,82.62,72,100,5.97,light rain
112,Nikolskoye,RU,59.7035,30.7861,40.78,95,38,3.24,scattered clouds
113,Ambatofinandrahana,MG,-20.55,46.8,60.26,39,0,5.32,clear sky
114,Sao Filipe,CV,14.8961,-24.4956,78.1,73,46,7.09,scattered clouds
115,Vaitape,PF,-16.5167,-151.75,79.09,73,6,13.27,clear sky
116,Puertollano,ES,38.6871,-4.1073,56.16,51,4,3.74,clear sky
117,Altamira,BR,-3.2033,-52.2064,71.87,89,13,0.76,few clouds
118,Stokmarknes,NO,68.5646,14.9108,48.16,81,0,8.05,clear sky
119,Batemans Bay,AU,-35.7167,150.1833,59.09,91,100,9.19,overcast clouds
120,Port Alfred,ZA,-33.5906,26.891,65.17,99,100,3.0,overcast clouds
121,Belaya Gora,RU,68.5333,146.4167,32.38,62,100,11.99,overcast clouds
122,Cockburn Town,TC,21.4612,-71.1419,82.35,79,15,19.24,few clouds
123,Vila Velha,BR,-20.3297,-40.2925,72.95,93,65,8.88,broken clouds
124,Emerald,AU,-23.5333,148.1667,85.55,21,100,12.59,light rain
125,Hay River,CA,60.8156,-115.7999,55.51,73,64,8.23,broken clouds
126,Paragominas,BR,-2.9667,-47.4833,71.1,88,6,2.48,clear sky
127,Westport,US,41.1415,-73.3579,59.86,78,31,3.0,scattered clouds
128,Praia Da Vitoria,PT,38.7333,-27.0667,66.76,92,84,17.31,light rain
129,Peleduy,RU,59.6289,112.7406,39.85,62,87,2.84,overcast clouds
130,Flinders,AU,-34.5833,150.8552,67.28,79,24,14.63,few clouds
131,Sao Joao Da Barra,BR,-21.6403,-41.0511,71.8,95,99,7.74,overcast clouds
132,Baherden,TM,38.4362,57.4316,76.26,21,0,13.13,clear sky
133,Talnakh,RU,69.4865,88.3972,25.47,63,69,4.18,broken clouds
134,Valley City,US,46.9233,-98.0032,39.72,65,0,0.0,clear sky
135,Sola,VU,-13.8833,167.55,80.76,76,14,13.49,few clouds
136,Berbera,SO,10.4396,45.0143,90.82,55,20,4.79,few clouds
137,Tchibanga,GA,-2.85,11.0333,70.32,94,100,2.04,overcast clouds
138,Saint George,US,37.1041,-113.5841,80.94,37,0,9.22,clear sky
139,Natal,BR,-5.795,-35.2094,70.45,94,20,4.61,few clouds
140,Upernavik,GL,72.7868,-56.1549,32.29,99,100,4.76,snow
141,Pevek,RU,69.7008,170.3133,28.83,72,95,8.61,overcast clouds
142,Beloha,MG,-25.1667,45.05,74.86,54,4,18.84,clear sky
143,Belogorsk,RU,50.9158,128.4611,52.12,41,16,12.46,few clouds
144,Conway,US,35.0887,-92.4421,63.79,65,75,0.0,broken clouds
145,Hithadhoo,MV,-0.6,73.0833,76.68,87,100,18.03,light rain
146,San Quintin,MX,30.4833,-115.95,72.01,83,5,7.87,clear sky
147,Dumas,US,35.8656,-101.9732,69.94,32,0,10.36,clear sky
148,Burns Lake,CA,54.2331,-125.7533,53.76,72,60,2.71,broken clouds
149,Norman Wells,CA,65.282,-126.8329,39.54,78,74,12.59,broken clouds
150,Smithers,CA,54.7804,-127.1743,54.3,87,70,2.13,broken clouds
151,Beni Mazar,EG,28.4962,30.8029,79.56,48,0,8.88,clear sky
152,Codrington,AU,-38.2667,141.9667,53.49,76,100,13.65,overcast clouds
153,Oum Hadjer,TD,13.2954,19.6966,76.01,67,100,3.09,overcast clouds
154,Kjollefjord,NO,70.9457,27.3465,46.22,81,75,11.5,broken clouds
155,Dikson,RU,73.5069,80.5464,32.83,79,87,7.45,overcast clouds
156,Leshukonskoye,RU,64.8989,45.7622,33.42,68,5,6.82,clear sky
157,Do Gonbadan,IR,30.3586,50.7981,84.63,13,0,1.03,clear sky
158,San Andres,CO,12.5847,-81.7006,82.42,83,75,3.33,broken clouds
159,Bengkulu,ID,-3.8004,102.2655,81.39,74,51,3.04,broken clouds
160,Souillac,MU,-20.5167,57.5167,73.78,56,75,8.05,broken clouds
161,Saint-Pierre,RE,-21.3393,55.4781,73.08,64,100,13.8,overcast clouds
162,Kabare,CD,-2.4683,28.8242,64.06,81,99,2.08,overcast clouds
163,Zhatay,RU,62.1594,129.8294,33.85,80,75,13.42,broken clouds
164,Inhambane,MZ,-23.865,35.3833,74.89,71,2,11.52,clear sky
165,Portland,US,45.5234,-122.6762,68.05,73,57,4.0,broken clouds
166,Barinas,VE,8.6226,-70.2075,73.44,100,100,9.22,overcast clouds
167,Nome,US,64.5011,-165.4064,41.16,90,99,8.08,overcast clouds
168,Joshimath,IN,30.5667,79.5667,72.54,63,33,6.26,scattered clouds
169,Khatanga,RU,71.9667,102.5,24.98,85,98,5.84,overcast clouds
170,Sitka,US,57.0531,-135.33,53.49,87,100,0.0,overcast clouds
171,Da Lat,VN,11.9465,108.4419,63.7,94,100,6.26,overcast clouds
172,Sakakah,SA,29.9697,40.2064,80.15,20,0,4.03,clear sky
173,Touros,BR,-5.1989,-35.4608,72.86,77,1,13.89,clear sky
174,Nicoya,CR,10.1483,-85.452,74.61,93,100,0.54,overcast clouds
175,Ponta Do Sol,PT,32.6667,-17.1,70.43,71,89,6.06,overcast clouds
176,Waddan,LY,29.1614,16.139,82.35,25,2,2.04,clear sky
177,Campo Grande,BR,-20.4428,-54.6464,63.95,100,75,17.27,thunderstorm with rain
178,Half Moon Bay,US,37.4636,-122.4286,63.1,86,40,14.97,scattered clouds
179,Hastings,GB,50.8552,0.5729,46.29,89,9,10.27,clear sky
180,Awbari,LY,26.5921,12.7805,82.0,24,0,10.45,clear sky
181,Santa Maria,BR,-29.6842,-53.8069,54.28,90,1,7.25,clear sky
182,Juan Aldama,MX,24.2908,-103.3944,58.87,80,71,3.76,broken clouds
183,Huangnihe,CN,43.5583,128.0239,73.65,42,20,10.69,few clouds
184,Havelock,US,34.8791,-76.9013,68.94,87,100,6.4,overcast clouds
185,Mikhaylovskoye,RU,51.8239,79.7172,39.79,75,95,14.2,overcast clouds
186,Port Elizabeth,ZA,-33.918,25.5701,64.69,97,100,5.75,light intensity drizzle
187,Padang,ID,-0.9492,100.3543,75.25,73,87,5.59,overcast clouds
188,Angoche,MZ,-16.2325,39.9086,78.26,67,0,6.64,clear sky
189,Kaitangata,NZ,-46.2817,169.8464,55.08,76,77,3.69,broken clouds
190,Tasiilaq,GL,65.6145,-37.6368,35.76,97,99,3.11,overcast clouds
191,Avarua,CK,-21.2078,-159.775,77.05,88,75,6.91,broken clouds
192,La Primavera,CO,5.4906,-70.4092,74.01,91,100,7.2,overcast clouds
193,Leningradskiy,RU,69.3833,178.4167,26.4,81,100,4.72,overcast clouds
194,Asyut,EG,27.181,31.1837,85.71,24,0,5.19,clear sky
195,Necochea,AR,-38.5473,-58.7368,40.17,71,0,5.48,clear sky
196,Iqaluit,CA,63.7506,-68.5145,31.69,68,93,13.0,overcast clouds
197,Saldanha,ZA,-33.0117,17.9442,56.01,85,46,7.87,scattered clouds
198,Luderitz,NA,-26.6481,15.1594,55.74,62,14,9.31,few clouds
199,Qaqortoq,GL,60.7167,-46.0333,42.57,98,100,1.9,overcast clouds
200,Haines Junction,CA,60.7522,-137.5108,36.81,87,27,3.29,scattered clouds
201,Bridlington,GB,54.0831,-0.1919,46.53,80,27,12.48,scattered clouds
202,Pitkyaranta,RU,61.5734,31.4792,45.3,92,99,10.16,overcast clouds
203,Puerto Ayora,EC,-0.7393,-90.3518,65.55,92,93,3.0,overcast clouds
204,Pafos,CY,34.7667,32.4167,69.58,68,20,9.22,few clouds
205,Tumbes,PE,-3.5667,-80.4414,69.87,78,64,3.53,broken clouds
206,Saint-Joseph,RE,-21.3667,55.6167,71.98,63,28,9.15,scattered clouds
207,Tuktoyaktuk,CA,69.4541,-133.0374,32.52,84,100,20.4,overcast clouds
208,Takoradi,GH,4.8845,-1.7554,74.37,92,99,7.94,light rain
209,Mahibadhoo,MV,3.7833,72.9667,81.95,74,97,16.02,overcast clouds
210,La Ronge,CA,55.1001,-105.2842,56.68,51,100,7.87,overcast clouds
211,Sistranda,NO,63.7256,8.834,55.36,74,79,19.75,broken clouds
212,Salinopolis,BR,-0.6136,-47.3561,78.12,86,14,9.57,few clouds
213,Krasnoselkup,RU,65.7,82.4667,32.63,52,54,10.69,broken clouds
214,Aksu,CN,41.1231,80.2644,78.4,18,10,2.42,clear sky
215,Havre-Saint-Pierre,CA,50.2334,-63.5986,50.36,100,40,3.44,mist
216,Trairi,BR,-3.2778,-39.2689,77.61,76,5,13.8,clear sky
217,Komsomolskiy,UZ,40.4272,71.7189,70.52,30,0,6.91,clear sky
218,Guiberoua,CI,6.2392,-6.1727,68.68,99,98,1.68,light rain
219,Remagen,DE,50.5788,7.227,48.78,93,98,7.87,overcast clouds
220,Alofi,NU,-19.0595,-169.9187,78.06,80,38,12.8,light rain
221,Cravo Norte,CO,6.3017,-70.2041,73.96,92,100,6.49,overcast clouds
222,Cidreira,BR,-30.1811,-50.2056,58.21,92,8,4.79,clear sky
223,Lata,PT,40.1629,-8.3327,56.91,98,54,3.09,broken clouds
224,Paso De Los Toros,UY,-32.8167,-56.5167,51.51,89,34,11.9,scattered clouds
225,Bundaberg,AU,-24.85,152.35,73.22,87,97,1.99,light rain
226,Baruun-Urt,MN,46.6806,113.2792,72.68,18,100,10.89,overcast clouds
227,East London,ZA,-33.0153,27.9116,68.94,100,75,14.97,broken clouds
228,High Level,CA,58.5169,-117.136,59.83,61,18,3.13,few clouds
229,Alta Floresta,BR,-9.8756,-56.0861,70.29,90,28,1.92,scattered clouds
230,Skawina,PL,49.9752,19.8287,48.94,87,20,6.91,few clouds
231,Kondopoga,RU,62.2057,34.2614,44.28,92,97,7.23,overcast clouds
232,Ahipara,NZ,-35.1667,173.1667,61.16,76,99,10.83,light rain
233,Moengo,SR,5.6167,-54.4,74.43,91,79,3.42,broken clouds
234,Tautira,PF,-17.7333,-149.15,77.58,77,23,12.84,few clouds
235,Gunjur,GM,13.2019,-16.7339,75.27,100,40,0.0,scattered clouds
236,Chuy,UY,-33.6971,-53.4616,53.37,93,1,9.4,clear sky
237,Manaure,CO,11.7751,-72.4445,82.56,79,84,7.74,light rain
238,Provideniya,RU,64.3833,-173.3,41.36,87,100,11.18,overcast clouds
239,Katobu,ID,-4.9408,122.5276,91.08,49,49,1.19,scattered clouds
240,Terney,RU,45.0503,136.6092,67.57,67,0,9.95,clear sky
241,Axim,GH,4.8699,-2.2405,74.53,91,96,7.29,light rain
242,Sovetskiy,RU,61.3614,63.5842,31.6,65,57,8.93,broken clouds
243,Yungay,PE,-9.1383,-77.7436,59.9,71,95,0.83,light rain
244,Xixiang,CN,35.1628,112.865,88.48,25,0,6.76,clear sky
245,Kargil,IN,34.5667,76.1,54.16,37,5,3.44,clear sky
246,Narrabri,AU,-30.3167,149.7833,67.51,48,11,5.99,few clouds
247,Bow Island,CA,49.8668,-111.3684,66.52,25,48,9.6,scattered clouds
248,Abu Samrah,SY,35.3029,37.1841,67.98,46,0,5.77,clear sky
249,Hami,CN,42.8,93.45,80.11,19,0,14.63,clear sky
250,Dingle,PH,10.9995,122.6711,82.83,76,100,1.5,heavy intensity rain
251,Katsuura,JP,35.1333,140.3,77.13,52,3,13.35,clear sky
252,Campbell River,CA,50.0163,-125.2446,61.45,89,82,0.85,broken clouds
253,Birin,NP,26.8865,88.0718,71.92,70,36,5.01,scattered clouds
254,Oranjemund,NA,-28.55,16.4333,53.98,89,31,6.8,scattered clouds
255,Sulangan,PH,11.1373,123.7228,81.79,76,89,4.68,light rain
256,Harper,LR,4.375,-7.7169,74.84,91,85,9.46,moderate rain
257,Golden Gate,US,26.1879,-81.6951,78.98,69,100,32.59,moderate rain
258,Dodge City,US,37.7528,-100.0171,67.93,56,1,3.0,clear sky
259,Lebu,CL,-37.6167,-73.65,49.08,86,0,10.27,clear sky
260,Ketchikan,US,55.3422,-131.6461,57.9,95,100,3.71,overcast clouds
261,Khartoum,SD,15.5518,32.5324,89.98,34,19,6.85,few clouds
262,Coahuayana,MX,18.7333,-103.6833,77.61,95,100,2.73,overcast clouds
263,Sungaipenuh,ID,-2.0833,101.3833,77.41,64,98,4.34,overcast clouds
264,Kodiak,US,57.79,-152.4072,48.43,93,100,26.57,moderate rain
265,Mwinilunga,ZM,-11.7358,24.4293,65.64,44,44,2.42,scattered clouds
266,San Isidro,PE,-12.1167,-77.05,60.01,85,64,8.48,broken clouds
267,Deder,ET,9.3167,41.45,62.06,68,6,3.27,clear sky
268,Horta,PT,38.5333,-28.6333,68.79,75,24,11.05,few clouds
269,Los Llanos De Aridane,ES,28.6585,-17.9182,67.75,92,75,10.36,broken clouds
270,Hargeysa,SO,9.56,44.065,75.88,50,2,15.77,clear sky
271,Tessalit,ML,20.1986,1.0114,86.94,18,59,4.81,broken clouds
272,Palmer,US,42.1584,-72.3287,55.51,86,19,3.49,few clouds
273,Tripoli,LY,32.8752,13.1875,77.05,59,99,9.42,light rain
274,Aykhal,RU,66.0,111.5,24.76,91,100,13.31,light snow
275,Esperance,AU,-33.8667,121.9,68.99,50,4,10.98,clear sky
276,America Dourada,BR,-11.4553,-41.4361,64.65,88,5,9.86,clear sky
277,Anadyr,RU,64.75,177.4833,34.3,93,75,8.95,light shower snow
278,Manakara,MG,-22.1333,48.0167,68.45,82,72,0.89,light rain
279,Manggar,ID,-2.8833,108.2667,85.26,64,72,11.88,broken clouds
280,Saint-Philippe,RE,-21.3585,55.7679,72.99,63,32,9.13,scattered clouds
281,Siswa Bazar,IN,27.15,83.7667,84.36,69,88,2.42,overcast clouds
282,Loikaw,MM,19.6742,97.2094,82.6,63,80,2.82,broken clouds
283,Nuuk,GL,64.1835,-51.7216,41.61,100,100,4.61,mist
284,Saskylakh,RU,71.9167,114.0833,31.64,84,52,8.23,broken clouds
285,Gravelbourg,CA,49.8834,-106.5512,63.77,39,6,16.02,clear sky
286,Yeovil,GB,50.9416,-2.6321,52.43,92,100,3.44,overcast clouds
287,Gimli,CA,50.6336,-96.9907,44.96,46,67,10.58,broken clouds
288,Staryy Nadym,RU,65.6118,72.6842,30.33,68,97,14.65,overcast clouds
289,Gusau,NG,12.1628,6.6614,73.45,79,98,6.13,overcast clouds
290,Bethel,US,41.3712,-73.414,56.48,82,41,1.01,scattered clouds
291,Muros,ES,42.7762,-9.0603,61.09,90,96,10.16,overcast clouds
292,Xining,CN,36.6167,101.7667,61.54,43,1,3.36,clear sky
293,Ambanja,MG,-13.6833,48.45,77.76,53,7,2.46,clear sky
294,Cahul,MD,45.9075,28.1944,58.84,87,6,6.2,clear sky
295,Lundazi,ZM,-12.2929,33.1782,71.08,51,6,11.32,clear sky
296,Atasu,KZ,48.6814,71.6433,43.75,53,85,12.44,overcast clouds
297,Severo-Kurilsk,RU,50.6789,156.125,53.17,59,2,13.38,clear sky
298,Santa Isabel,BR,-23.3156,-46.2214,60.44,97,100,3.18,overcast clouds
299,Hofn,IS,64.2539,-15.2082,43.07,72,20,6.71,few clouds
300,Raudeberg,NO,61.9875,5.1352,52.47,68,100,7.02,overcast clouds
301,Pushkar,IN,26.5,74.55,86.61,46,0,9.62,clear sky
302,Martapura,ID,-3.4167,114.85,89.69,55,40,4.61,scattered clouds
303,Kangaatsiaq,GL,68.3065,-53.4641,41.04,92,99,6.98,overcast clouds
304,Abu Dhabi,AE,24.4667,54.3667,87.96,70,3,11.05,clear sky
305,Mocuba,MZ,-16.8392,36.9856,76.59,63,1,6.33,clear sky
306,Muskegon,US,43.3,-86.1334,49.01,88,99,10.31,overcast clouds
307,Pontes E Lacerda,BR,-15.2261,-59.3353,72.81,87,77,2.01,broken clouds
308,Cherskiy,RU,68.75,161.3,33.6,48,7,2.84,clear sky
309,Verkhnyaya Inta,RU,65.9811,60.3094,30.69,66,23,5.21,few clouds
310,San Juan,AR,-31.5375,-68.5364,55.27,69,100,15.57,overcast clouds
311,Vao,NC,-22.6667,167.4833,74.28,77,58,12.84,broken clouds
312,Kulu,TR,39.0951,33.0799,65.3,38,25,8.59,scattered clouds
313,Mahebourg,MU,-20.4081,57.7,74.25,56,75,8.05,broken clouds
314,Bambous Virieux,MU,-20.3428,57.7575,74.21,56,75,8.05,broken clouds
315,Todos Santos,MX,23.45,-110.2167,80.65,94,2,1.92,clear sky
316,Batagay-Alyta,RU,67.8006,130.4114,27.14,82,100,3.8,overcast clouds
317,Prescott,US,34.54,-112.4685,71.87,53,6,4.74,clear sky
318,Santa Fe,AR,-31.6333,-60.7,63.99,64,72,4.16,light rain
319,Ossora,RU,59.2353,163.0719,44.42,94,100,1.97,light rain
320,Sembakung,ID,3.8167,117.25,92.39,49,98,2.01,overcast clouds
321,Lanzhou,CN,36.0564,103.7922,72.9,30,0,3.69,clear sky
322,Tahta,EG,26.7693,31.5021,86.86,21,1,5.82,clear sky
323,Te Anau,NZ,-45.4167,167.7167,50.65,94,100,0.96,overcast clouds
324,Svetlogorsk,BY,52.6333,29.7333,48.43,94,99,3.53,overcast clouds
325,Carballo,ES,43.213,-8.691,60.01,94,100,5.59,overcast clouds
326,Alanya,TR,36.5438,31.9998,73.94,48,68,3.89,broken clouds
327,Mercedes,AR,-34.6515,-59.4307,52.65,58,12,10.45,few clouds
328,Ribeira Grande,PT,38.5167,-28.7,70.02,73,22,10.71,few clouds
329,Wahiawa,US,21.5028,-158.0236,76.77,73,12,6.15,few clouds
330,Beira,MZ,-19.8436,34.8389,75.29,88,40,6.44,scattered clouds
331,Kahului,US,20.8947,-156.47,79.84,79,13,4.0,few clouds
332,Cairns,AU,-16.9167,145.7667,93.07,59,18,13.8,few clouds
333,Yamada,JP,39.4667,141.95,66.45,64,100,13.11,overcast clouds
334,Khanpur,PK,28.6453,70.6567,92.28,34,0,14.29,clear sky
335,Prado,BR,-17.3411,-39.2208,72.43,91,2,9.53,clear sky
336,Ellisras,ZA,-23.6649,27.7443,69.26,67,1,14.97,clear sky
337,Port Blair,IN,11.6667,92.75,83.3,75,75,13.11,broken clouds
338,Fortuna,US,40.5982,-124.1573,53.98,89,61,3.4,broken clouds
339,Ulladulla,AU,-35.35,150.4667,67.1,91,100,13.8,light rain
340,Doha,QA,25.2867,51.5333,87.78,45,0,11.5,clear sky
341,Verkhniy Avzyan,RU,53.5289,57.5372,37.47,81,100,3.83,overcast clouds
342,Bathsheba,BB,13.2167,-59.5167,78.04,96,100,10.92,overcast clouds
343,Avera,US,33.194,-82.5271,62.11,38,98,9.66,overcast clouds
344,Aldan,RU,58.6031,125.3894,29.7,69,100,9.28,overcast clouds
345,Abha,SA,18.2164,42.5053,67.71,24,7,4.65,clear sky
346,Levashi,RU,42.4304,47.3215,64.15,23,72,3.2,broken clouds
347,Romitan,UZ,39.9343,64.3814,67.95,40,0,16.11,clear sky
348,Gizo,SB,-8.103,156.8419,84.67,65,73,11.72,broken clouds
349,Kavieng,PG,-2.5744,150.7967,84.69,62,95,15.82,overcast clouds
350,Buala,SB,-8.145,159.5921,83.77,68,58,8.3,broken clouds
351,Matagami,CA,49.7502,-77.6328,44.71,93,100,11.5,mist
352,Lamar,US,33.6668,-95.5836,70.36,63,0,7.49,clear sky
353,Almeirim,BR,-1.5233,-52.5817,74.55,79,55,2.73,broken clouds
354,Tarija,BO,-21.5355,-64.7296,55.89,89,71,4.5,broken clouds
355,Coxim,BR,-18.5067,-54.76,76.15,82,71,2.73,broken clouds
356,Krasnogvardeyskiy,RU,57.3793,62.3195,31.78,60,21,6.8,few clouds
357,Ambilobe,MG,-13.2,49.05,79.32,40,22,5.44,few clouds
358,Pangoa,PE,-12.1167,-73.0,71.02,87,100,3.06,overcast clouds
359,Faya,SA,18.3851,42.4509,67.75,24,4,3.47,clear sky
360,Broken Hill,AU,-31.95,141.4333,60.01,55,95,17.78,overcast clouds
361,Christchurch,NZ,-43.5333,172.6333,61.41,57,82,11.5,broken clouds
362,Seeboden,AT,46.8219,13.495,46.78,97,86,1.16,overcast clouds
363,Kalmunai,LK,7.4167,81.8167,86.7,62,100,2.37,overcast clouds
364,Tete,MZ,-16.1564,33.5867,78.89,65,75,11.5,smoke
365,Vanino,RU,49.0869,140.2543,75.76,40,10,7.29,clear sky
366,Kavaratti,IN,10.5669,72.642,81.64,75,30,13.58,scattered clouds
367,Sinop,TR,41.7711,34.8709,66.06,33,77,5.17,broken clouds
368,Apiai,BR,-24.5094,-48.8425,58.08,91,100,3.0,moderate rain
369,Elizabethtown,US,37.694,-85.8591,49.59,81,0,0.0,clear sky
370,Kargasok,RU,59.0556,80.8572,34.32,61,85,7.49,overcast clouds
371,Rathdrum,US,47.8137,-116.892,65.64,65,12,1.99,few clouds
372,Kota Kinabalu,MY,5.9749,116.0724,87.78,66,20,5.01,moderate rain
373,Dilla,ET,6.41,38.31,66.27,77,82,1.23,broken clouds
374,Tamworth,GB,52.634,-1.6959,45.25,94,9,1.01,clear sky
375,Vanimo,PG,-2.6741,141.3028,83.44,75,99,7.74,overcast clouds
376,Acarau,BR,-2.8856,-40.12,77.54,81,5,17.94,clear sky
377,Kyzyl-Suu,KG,42.3414,78.0056,60.04,52,32,4.23,scattered clouds
378,Upington,ZA,-28.4478,21.2561,74.37,18,89,10.76,overcast clouds
379,Vestmanna,FO,62.1564,-7.1664,43.72,93,100,14.97,light intensity drizzle
380,Noumea,NC,-22.2763,166.4572,85.98,99,51,3.56,broken clouds
381,Nyrob,RU,60.733,56.7202,33.08,56,3,3.89,clear sky
382,Boma,GH,7.0805,-2.1697,70.36,99,97,1.68,overcast clouds
383,Cozumel,MX,20.5083,-86.9458,78.46,88,62,9.08,broken clouds
384,Daloa,CI,6.8774,-6.4502,68.49,99,96,1.28,light rain
385,Malgrat De Mar,ES,41.6466,2.7414,63.95,80,61,4.34,broken clouds
386,Vestmannaeyjar,IS,63.4427,-20.2734,46.76,80,99,7.18,overcast clouds
387,Wladyslawowo,PL,54.7909,18.4009,49.93,91,100,8.86,heavy intensity rain
388,Hirara,JP,24.8,125.2833,82.26,75,5,6.11,clear sky
389,Sucua,EC,-2.4667,-78.1667,64.98,92,51,4.7,broken clouds
390,Thakurgaon,BD,26.0333,88.4667,85.93,69,95,2.39,overcast clouds
391,Urucara,BR,-2.5364,-57.76,76.73,66,9,2.53,clear sky
392,Payakumbuh,ID,-0.2202,100.6308,84.42,61,90,2.17,overcast clouds
393,Richards Bay,ZA,-28.783,32.0377,71.71,87,25,9.95,scattered clouds
394,Charters Towers,AU,-20.1,146.2667,80.19,50,77,8.86,broken clouds
395,Qingdao,CN,36.0986,120.3719,74.39,55,90,9.82,overcast clouds
396,Narsaq,GL,60.9167,-46.05,43.02,98,100,2.75,overcast clouds
397,Perth,AU,-31.9333,115.8333,81.01,29,0,12.66,clear sky
398,Hof,DE,50.3167,11.9167,43.48,92,75,7.0,light rain
399,Taksimo,RU,56.3444,114.8794,40.12,46,52,3.58,broken clouds
400,Morondava,MG,-20.2833,44.2833,76.75,78,4,11.36,clear sky
401,Dwarka,IN,22.2394,68.9678,82.35,68,22,9.51,few clouds
402,Kununurra,AU,-15.7667,128.7333,98.58,28,63,8.05,broken clouds
403,Shingu,JP,33.7333,135.9833,76.15,82,80,2.89,broken clouds
404,Clyde River,CA,70.4692,-68.5914,21.7,72,1,4.03,clear sky
405,Menongue,AO,-14.6585,17.691,63.09,41,74,2.51,broken clouds
406,Lusambo,CD,-4.9667,23.45,68.29,98,100,1.23,overcast clouds
407,Roebourne,AU,-20.7833,117.1333,86.49,22,5,10.09,clear sky
408,San Cristobal,VE,7.7669,-72.225,66.25,97,99,0.87,overcast clouds
409,Port Keats,AU,-14.25,129.55,89.24,52,50,11.14,scattered clouds
410,Tucuman,AR,-26.8241,-65.2226,55.0,96,100,8.05,overcast clouds
411,Marzuq,YE,14.4,46.4667,81.61,18,7,3.87,clear sky
412,Keita,NE,14.7551,5.7749,79.54,65,100,9.57,overcast clouds
413,Jacareacanga,BR,-6.2222,-57.7528,79.32,62,87,2.01,overcast clouds
414,Porto Novo,BJ,6.4965,2.6036,74.3,93,100,4.0,moderate rain
415,Deputatskiy,RU,69.3,139.9,23.5,94,100,4.79,light snow
416,Baculin,PH,7.4525,126.5842,78.85,90,100,4.68,moderate rain
417,Srivardhan,IN,18.0333,73.0167,81.68,74,85,2.01,overcast clouds
418,Gorontalo,ID,0.5412,123.0595,89.8,60,68,5.3,broken clouds
419,Arzignano,IT,45.5193,11.3386,58.48,80,99,3.22,overcast clouds
420,Khakhea,BW,-24.6895,23.494,71.29,37,0,17.4,clear sky
421,Sao Felix Do Xingu,BR,-6.6447,-51.995,75.06,69,68,2.57,broken clouds
422,Owando,CG,-0.4819,15.8999,70.12,95,100,3.0,overcast clouds
423,Tateyama,JP,34.9833,139.8667,76.64,50,0,9.64,clear sky
424,Kiama,AU,-34.6833,150.8667,67.48,82,44,15.66,light rain
425,Khuzhir,RU,53.1939,107.3397,43.86,65,96,24.34,overcast clouds
426,Willowmore,ZA,-33.2926,23.4895,57.76,84,62,0.76,broken clouds
427,Agucadoura,PT,41.4318,-8.7804,61.25,89,57,13.96,broken clouds
428,Freeport,US,40.6576,-73.5832,62.56,65,0,12.66,clear sky
429,Grivenskaya,RU,45.6473,38.176,66.54,61,100,9.86,light rain
430,Buraydah,SA,26.326,43.975,84.11,15,0,7.56,clear sky
431,Amga,RU,60.8953,131.9608,34.5,76,100,8.55,overcast clouds
432,Iwanai,JP,42.9744,140.5089,71.47,58,84,6.04,broken clouds
433,Gambela,ET,8.25,34.5833,71.47,93,86,3.53,light rain
434,Porto Santo,PT,33.072,-16.3415,66.58,72,40,4.61,scattered clouds
435,Sambava,MG,-14.2667,50.1667,71.64,72,76,10.16,broken clouds
436,Puerto Penasco,MX,31.3167,-113.5333,86.92,79,0,1.99,clear sky
437,Port Hedland,AU,-20.3167,118.5667,95.05,14,14,10.36,few clouds
438,Marsh Harbour,BS,26.5412,-77.0636,82.67,79,100,19.57,overcast clouds
439,Temyasovo,RU,52.9933,58.1014,33.13,88,100,4.92,overcast clouds
440,Keetmanshoop,NA,-26.5833,18.1333,63.82,22,58,3.38,broken clouds
441,Varhaug,NO,58.6147,5.6457,56.48,71,100,22.3,overcast clouds
442,Kuytun,RU,54.3419,101.5036,42.35,86,100,6.06,overcast clouds
443,Tiarei,PF,-17.5333,-149.3333,78.82,77,15,11.23,few clouds
444,Ipixuna,BR,-1.7625,-48.8043,72.79,96,4,3.09,clear sky
445,Qingyuan,CN,23.7,113.0333,93.18,46,40,5.82,scattered clouds
446,Nagato,JP,34.3833,131.2,73.45,73,95,15.23,overcast clouds
447,Port Lincoln,AU,-34.7333,135.8667,56.7,58,57,12.62,broken clouds
448,Jalu,LY,29.0331,21.5482,81.77,29,0,8.66,clear sky
449,Boa Vista,BR,2.8197,-60.6733,78.78,78,0,2.91,clear sky
450,Severo-Yeniseyskiy,RU,60.3725,93.0408,33.82,71,100,7.52,overcast clouds
451,Abu Kamal,SY,34.4506,40.9171,74.59,32,0,8.93,clear sky
452,Acapulco,MX,16.8634,-99.8901,78.64,86,91,3.27,overcast clouds
453,Mochalishche,RU,56.3306,48.3547,37.76,70,100,14.12,light rain
454,Marienburg,PL,54.0359,19.0266,52.84,95,100,3.67,heavy intensity rain
455,Morant Bay,JM,17.8815,-76.4093,78.42,86,99,4.65,overcast clouds
456,Zunyi,CN,27.6867,106.9072,73.27,61,76,5.75,broken clouds
457,Prince Rupert,CA,54.3161,-130.3201,57.61,96,100,1.97,overcast clouds
458,Hambantota,LK,6.1241,81.1185,88.14,62,20,13.8,few clouds
459,Ostrovnoy,RU,68.0531,39.5131,38.79,76,100,8.5,overcast clouds
460,Namibe,AO,-15.1961,12.1522,61.03,82,32,2.98,scattered clouds
461,Peterhead,GB,57.5058,-1.7981,49.5,88,16,18.14,few clouds
462,Montepuez,MZ,-13.1256,38.9997,72.12,69,11,2.53,few clouds
463,Yuanping,CN,38.7153,112.7575,78.35,32,5,5.28,clear sky
464,Poum,NC,-20.2333,164.0167,77.65,78,1,12.33,clear sky
465,Herat,AF,34.5,62.0,75.11,20,0,13.73,clear sky
466,Porto Torres,IT,40.835,8.3972,68.18,70,98,23.73,overcast clouds
467,Kutum,SD,14.2,24.6667,75.24,58,0,6.73,clear sky
468,Daru,PG,-9.0763,143.2092,83.46,74,61,11.32,broken clouds
469,Nowy Targ,PL,49.4778,20.0323,44.58,80,8,2.93,clear sky
470,Amapa,BR,1.0,-52.0,69.19,94,40,1.9,scattered clouds
471,Demyanovo,RU,60.3511,47.0842,34.65,70,99,9.26,overcast clouds
472,Cuite,BR,-6.4836,-36.1536,62.04,87,0,14.45,clear sky
473,Aleksandro-Nevskiy,RU,53.4751,40.2095,52.83,99,100,4.99,overcast clouds
474,Bud,US,39.447,-86.1758,47.17,87,0,5.17,clear sky
475,Algodones,MX,20.3888,-105.4773,74.41,92,71,3.31,broken clouds
476,Cordele,US,31.9635,-83.7824,62.58,42,0,5.75,clear sky
477,Berezivka,UA,47.2043,30.9078,60.44,85,85,1.97,overcast clouds
478,Trelew,AR,-43.249,-65.3051,55.2,41,0,6.42,clear sky
479,Baykit,RU,61.67,96.37,38.21,58,100,7.99,overcast clouds
480,Buguey,PH,18.2893,121.8311,86.68,71,73,4.5,broken clouds
481,Xalpatlahuac,MX,17.4667,-98.6167,60.03,84,45,1.12,scattered clouds
482,Reconquista,AR,-29.15,-59.65,60.8,69,56,8.23,broken clouds
483,Bonthe,SL,7.5264,-12.505,74.82,92,39,4.0,scattered clouds
484,Thinadhoo,MV,0.5333,72.9333,79.45,79,100,17.09,overcast clouds
485,Tomatlan,MX,19.9333,-105.25,76.17,96,19,2.08,few clouds
486,Grindavik,IS,63.8424,-22.4338,45.07,100,100,11.5,light intensity drizzle
487,Udachnyy,RU,66.4167,112.4,30.45,79,100,9.91,overcast clouds
488,Guerrero Negro,MX,27.9769,-114.0611,74.73,80,2,8.84,clear sky
489,Nouadhibou,MR,20.931,-17.0347,73.9,87,71,14.0,broken clouds
490,Lola,GN,7.8,-8.5333,66.2,99,44,0.38,scattered clouds
491,Balykshi,KZ,47.0667,51.8667,64.4,45,0,17.9,clear sky
492,Boueni,YT,-12.9025,45.0761,78.78,63,17,16.2,few clouds
493,Dongsheng,CN,39.8161,109.9776,73.74,20,0,9.19,clear sky
494,Green Valley,US,31.8543,-110.9937,85.03,63,41,9.66,scattered clouds
495,Atbasar,KZ,51.8,68.3333,36.05,54,73,8.97,broken clouds
496,Erzin,TR,36.9559,36.2,71.38,70,2,0.69,clear sky
497,Umm Lajj,SA,25.0213,37.2685,90.61,31,4,6.55,clear sky
498,Salalah,OM,17.0151,54.0924,80.62,74,30,3.78,scattered clouds
499,Semey,KZ,50.4111,80.2275,46.62,81,100,17.9,overcast clouds
500,Northampton,US,40.8754,-75.2499,51.91,85,8,4.18,clear sky
501,Finnsnes,NO,69.2296,17.9811,29.01,81,4,3.89,clear sky
502,Neiafu,TO,-18.65,-173.9833,79.48,89,40,8.05,scattered clouds
503,Masallatah,LY,32.6167,14.0,76.17,71,97,2.68,light rain
504,Vuktyl,RU,63.8567,57.3094,33.24,60,11,1.83,few clouds
505,Barao De Melgaco,BR,-16.1944,-55.9675,75.49,84,100,2.1,light rain
506,Bairiki,KI,1.3292,172.9752,86.0,70,20,9.22,few clouds
507,Severnyy,RU,50.677,36.5532,55.44,100,100,4.47,fog
508,Mosetse,BW,-20.75,26.65,71.2,39,0,17.45,clear sky
509,Zarechnyy,RU,53.2036,45.1923,52.0,93,100,15.57,light rain
510,Port Hardy,CA,50.6996,-127.4199,56.48,93,98,6.04,overcast clouds
511,Kilembe,UG,0.2,30.0,63.14,74,97,1.92,overcast clouds
512,Lorengau,PG,-2.0226,147.2712,84.99,65,87,12.33,overcast clouds
513,Bogoslovka,RU,53.2084,44.8013,52.2,93,100,17.74,light rain
514,Aloleng,PH,16.1307,119.7824,82.67,79,100,14.2,overcast clouds
515,Aswan,EG,24.0934,32.907,90.68,18,1,8.12,clear sky
516,Megion,RU,61.0296,76.1136,30.22,63,89,10.45,overcast clouds
517,Novochernorechenskiy,RU,56.2669,91.0828,36.07,92,100,3.56,overcast clouds
518,Coihaique,CL,-45.5752,-72.0662,38.86,94,69,5.01,broken clouds
519,Pemba,MZ,-12.974,40.5178,75.85,76,7,3.71,light rain
520,Beringovskiy,RU,63.05,179.3167,35.22,72,39,14.14,scattered clouds
521,Ambon,ID,-3.6954,128.1814,87.94,70,40,6.91,scattered clouds
522,Yershov,RU,51.3513,48.2766,54.57,70,100,17.76,overcast clouds
523,Serra Talhada,BR,-7.9919,-38.2983,66.87,71,2,10.38,clear sky
524,Vasai,IN,19.47,72.8,84.29,72,86,2.8,overcast clouds
525,Matara,LK,5.9485,80.5353,82.35,75,87,13.35,overcast clouds
526,Nemuro,JP,43.3236,145.575,62.2,72,100,6.26,light rain
527,Carbonia,IT,39.1672,8.5222,68.02,68,59,12.75,broken clouds
528,Pacific Grove,US,36.6177,-121.9166,62.28,89,0,7.0,clear sky
529,Srednekolymsk,RU,67.45,153.6833,36.12,48,90,10.51,overcast clouds
530,Alakurtti,RU,66.9672,30.3491,42.22,97,100,4.7,overcast clouds
531,Riyadh,SA,24.6877,46.7219,85.66,10,0,1.95,clear sky
532,Andenes,NO,69.3143,16.1194,44.92,93,0,9.22,clear sky
533,Rurrenabaque,BO,-14.4413,-67.5278,78.24,64,76,1.97,broken clouds
534,Tosya,TR,41.0155,34.0401,66.9,26,77,4.12,broken clouds
535,Zarate,AR,-34.0981,-59.0286,54.84,78,15,5.01,few clouds
536,Asosa,ET,10.0667,34.5333,63.61,86,44,2.73,scattered clouds
537,Oranjestad,AW,12.524,-70.027,84.07,78,91,14.32,overcast clouds
538,Zdanice,CZ,49.0673,17.0275,44.6,91,45,4.65,scattered clouds
539,Murgab,TM,37.4966,61.9714,76.03,17,0,9.69,clear sky
540,Tual,ID,-5.6667,132.75,83.34,69,12,4.72,few clouds
541,Shenjiamen,CN,29.9576,122.298,75.15,75,55,7.65,broken clouds
542,Byron Bay,AU,-28.65,153.6167,80.94,61,46,11.81,scattered clouds
543,Khandyga,RU,62.6667,135.6,35.15,97,100,7.0,light snow
544,Chapais,CA,49.7834,-74.8492,47.98,96,94,8.43,overcast clouds
545,Arlit,NE,18.7369,7.3853,90.01,16,19,7.7,few clouds
546,Vardo,NO,70.3705,31.1107,44.58,81,100,12.66,overcast clouds
547,Manbij,SY,36.5281,37.9549,66.76,57,0,12.5,clear sky
548,Erenhot,CN,43.6475,111.9767,81.9,12,5,19.33,clear sky
549,Hervey Bay,AU,-25.2986,152.8535,75.02,79,100,8.99,overcast clouds
550,Alamosa,US,37.4695,-105.87,58.98,47,75,4.61,broken clouds
551,Roald,NO,62.5833,6.1333,54.34,62,0,10.36,clear sky
552,Noshiro,JP,40.2039,140.0242,68.14,54,94,4.85,overcast clouds
553,Moose Factory,CA,51.2585,-80.6094,40.78,81,100,13.2,overcast clouds
554,Puerto Varas,CL,-41.3195,-72.9854,45.21,93,8,8.99,clear sky
555,Samarai,PG,-10.6167,150.6667,83.5,74,20,13.0,few clouds
556,Aksarka,RU,66.5606,67.7975,30.25,78,100,15.1,overcast clouds
557,Kirakira,SB,-10.4544,161.9205,83.68,65,82,7.25,broken clouds
558,Kamaishi,JP,39.2667,141.8833,67.14,61,100,12.82,overcast clouds
559,Longyearbyen,SJ,78.2186,15.6401,31.84,100,40,2.3,scattered clouds
560,Kayerkan,RU,69.3497,87.7602,25.83,69,53,3.13,broken clouds
561,Domanivka,UA,47.6319,30.9885,58.14,90,100,4.16,overcast clouds
562,Srandakan,ID,-7.9386,110.2506,82.89,62,68,9.93,broken clouds
563,Lerwick,GB,60.1545,-1.1494,50.0,90,79,11.16,broken clouds
564,Shitanjing,CN,39.2342,106.3439,75.4,16,1,7.36,clear sky
565,Ivankiv,UA,50.9386,29.8943,51.4,96,100,3.36,overcast clouds
566,Antibes,FR,43.5624,7.1278,63.86,48,75,20.71,broken clouds
567,Lodwar,KE,3.1191,35.5973,82.02,41,8,15.99,clear sky
568,Surgut,RU,61.25,73.4167,30.38,80,40,8.99,scattered clouds
569,Soto La Marina,MX,23.7667,-98.2167,71.78,90,25,2.86,scattered clouds
570,Nishihara,JP,26.1842,127.7558,87.85,68,40,9.22,scattered clouds
571,Nanga Eboko,CM,4.6833,12.3667,67.08,98,100,3.22,overcast clouds
572,Hereford,GB,52.0568,-2.7148,50.61,90,95,5.68,overcast clouds
573,Oussouye,SN,12.485,-16.5469,77.7,86,100,0.69,overcast clouds
574,Alice Springs,AU,-23.7,133.8833,79.21,25,0,10.36,clear sky
575,Ambulu,ID,-8.345,113.6058,86.92,56,32,9.62,scattered clouds
576,Makat,KZ,47.6469,53.3463,65.79,46,90,16.6,overcast clouds
577,Lasem,ID,-6.6922,111.4527,91.06,44,14,4.43,few clouds
578,Jumla,NP,29.2747,82.1838,71.44,34,0,4.5,clear sky
579,Easton,US,40.6884,-75.2207,53.94,80,0,4.61,clear sky
580,Lady Frere,ZA,-31.7031,27.2329,66.18,68,96,2.06,overcast clouds
581,Mubende,UG,0.5606,31.39,64.36,82,100,0.58,overcast clouds
582,Waingapu,ID,-9.6567,120.2641,87.3,54,21,9.13,few clouds
583,Samoylovka,RU,51.184,43.7081,59.22,84,100,11.54,light rain
584,Conceicao Do Araguaia,BR,-8.2578,-49.2647,80.94,34,0,1.43,clear sky
585,Ararat,AM,39.8317,44.7049,57.54,21,5,1.34,clear sky
586,Rawson,AR,-43.3002,-65.1023,54.59,46,0,6.87,clear sky
587,Amurzet,RU,47.6967,131.0981,60.51,39,90,13.73,overcast clouds
588,Lewisporte,CA,49.2499,-55.0482,65.91,84,100,15.48,overcast clouds
589,Olinda,BR,-8.0089,-34.8553,73.13,64,40,5.75,scattered clouds
590,Paracuru,BR,-3.41,-39.0306,79.11,78,2,15.93,clear sky
591,Itarema,BR,-2.9248,-39.9167,77.58,79,8,17.4,clear sky
592,Ilo,PE,-17.6394,-71.3375,59.5,82,24,6.44,few clouds
593,Almenara,BR,-16.1836,-40.6944,67.19,96,0,2.33,light rain
594,Lae,PG,-6.7221,146.9847,84.78,63,74,9.22,broken clouds
595,Salinas,US,36.6777,-121.6555,65.46,79,0,5.75,clear sky
596,Cap-Aux-Meules,CA,47.3821,-61.8597,56.61,99,91,3.4,overcast clouds
597,Houma,US,29.5958,-90.7195,68.0,69,0,6.91,clear sky
598,Spring Hill,US,28.4769,-82.5255,76.05,84,75,9.22,moderate rain
599,Teya,RU,60.3778,92.6267,37.33,71,100,6.98,overcast clouds
600,Arman,RU,59.7,150.1667,48.02,76,100,19.71,overcast clouds
601,Dayong,CN,25.0209,118.2898,96.04,37,3,4.68,clear sky
602,Nantucket,US,41.2835,-70.0995,60.91,72,0,8.05,clear sky
603,Tower,IE,51.9167,-8.6,49.05,93,75,9.22,broken clouds
604,Plast,RU,54.3691,60.8136,32.18,62,31,4.94,scattered clouds
605,Pringsewu,ID,-5.3582,104.9744,87.96,57,41,3.76,scattered clouds
606,Hasaki,JP,35.7333,140.8333,82.29,64,6,19.51,clear sky
607,Betsiamites,CA,48.9413,-68.646,48.51,98,88,5.66,overcast clouds
608,Milkovo,RU,54.7167,158.6167,51.78,52,54,6.11,broken clouds
609,Ladovskaya Balka,RU,45.6297,41.4023,64.96,52,100,5.46,overcast clouds
610,Port-Cartier,CA,50.0334,-66.8654,46.74,96,96,3.58,overcast clouds
611,Miri,MY,4.4148,114.0089,86.74,64,67,7.34,broken clouds
612,Shestakovo,RU,56.4915,103.96,42.31,60,100,1.95,overcast clouds
613,Victoria Point,AU,-27.5833,153.3,78.69,78,84,3.0,broken clouds
614,Katwa,IN,23.6399,88.128,89.76,60,34,4.56,scattered clouds
615,Gryazi,RU,52.4966,39.9359,54.64,96,100,9.86,overcast clouds
616,Asau,RO,46.4333,26.4,51.28,87,62,5.64,broken clouds
617,Riberalta,BO,-10.9833,-66.1,78.55,55,14,2.66,few clouds
618,Saquarema,BR,-22.92,-42.5103,68.43,96,99,7.85,overcast clouds
619,Sabha,LY,27.0377,14.4283,81.82,23,0,10.45,clear sky
620,Port Moresby,PG,-9.4431,147.1797,82.45,75,41,7.18,scattered clouds
621,Zaragoza,ES,41.6561,-0.8773,59.45,69,20,6.91,few clouds
622,Fiumicino,IT,41.7675,12.2291,64.65,84,20,5.75,few clouds
623,Outjo,NA,-20.1167,16.15,64.2,23,16,9.19,few clouds
624,Buritizeiro,BR,-17.3511,-44.9622,75.79,64,98,2.73,overcast clouds
625,Itamaraca,BR,-7.7478,-34.8256,73.45,79,7,8.28,clear sky
626,Price,US,39.5994,-110.8107,65.12,39,0,9.22,clear sky
627,Belmonte,BR,-15.8631,-38.8828,72.57,88,2,7.27,clear sky
628,Ler,SS,8.3018,30.1418,74.53,81,9,2.15,clear sky
629,Verkh-Usugli,RU,52.7,115.1667,48.16,30,48,6.76,scattered clouds
630,Dolores,AR,-36.3132,-57.6792,40.12,71,0,7.61,clear sky
631,Hovd,MN,48.0056,91.6419,59.99,15,93,0.22,overcast clouds
632,Zaykovo,RU,57.5613,62.7568,32.0,61,18,6.78,few clouds
633,Predivinsk,RU,57.0669,93.4378,36.7,90,100,3.11,overcast clouds
634,Luganville,VU,-15.5333,167.1667,82.8,72,33,6.91,scattered clouds
635,Anchorage,US,61.2181,-149.9003,50.95,61,72,5.99,broken clouds
636,Chumikan,RU,54.7183,135.315,43.59,81,100,15.01,overcast clouds
637,Kerema,PG,-7.9631,145.7785,83.61,78,61,9.48,broken clouds
638,Copiapo,CL,-27.3667,-70.3333,51.49,81,0,0.72,clear sky
639,Dryden,CA,49.7833,-92.7503,34.93,65,13,1.19,few clouds
640,Saint Anthony,US,45.0205,-93.218,45.14,80,0,0.0,clear sky
641,Aron,IN,24.3833,77.4167,83.26,59,18,2.64,few clouds
642,Koumac,NC,-20.5667,164.2833,79.38,68,23,6.55,few clouds
643,Urengoy,RU,65.9667,78.3667,30.67,67,34,9.73,scattered clouds
644,Ferme-Neuve,CA,46.7001,-75.4493,49.82,97,99,5.5,overcast clouds
645,Mahendragarh,IN,28.2833,76.15,90.0,36,29,8.48,scattered clouds
646,Ratnagiri,IN,16.9833,73.3,81.14,71,22,3.06,few clouds
647,Paamiut,GL,61.994,-49.6678,42.49,97,100,13.11,light rain
648,Rassvet,RU,46.8333,40.75,65.41,46,100,7.58,overcast clouds
649,Pimentel,PE,-6.8367,-79.9342,61.41,86,12,10.78,few clouds
650,Cananeia,BR,-25.0147,-47.9267,63.64,95,100,5.91,light rain
651,Irbeyskoye,RU,55.6428,95.4522,43.83,73,95,14.88,overcast clouds
652,Juneau,US,58.3019,-134.4197,50.22,100,55,3.29,broken clouds
653,Beberibe,BR,-4.1797,-38.1306,76.37,74,0,14.9,clear sky
654,Guilin,CN,25.2819,110.2864,93.9,32,9,10.27,clear sky
655,Warrnambool,AU,-38.3833,142.4833,53.69,72,100,13.89,overcast clouds
656,San Diego De La Union,MX,21.4667,-100.8667,54.57,88,72,7.4,broken clouds
657,Antofagasta,CL,-23.65,-70.4,55.85,77,16,7.54,few clouds
658,Tecolutla,MX,20.4833,-97.0167,74.52,86,90,9.62,overcast clouds
659,Parry Sound,CA,45.3501,-80.033,47.01,91,100,12.5,light rain
660,Sabzevar,IR,36.2126,57.6819,76.21,21,0,8.05,clear sky
661,Qinhuangdao,CN,39.9317,119.5883,81.45,40,93,13.82,overcast clouds
662,Valga,EE,57.7778,26.0473,37.99,96,14,1.99,few clouds
663,Bandarbeyla,SO,9.4942,50.8122,83.73,65,80,18.32,broken clouds
664,Uppsala,SE,60.0,17.75,51.31,100,100,11.5,overcast clouds
665,Walvis Bay,NA,-22.9575,14.5053,52.09,81,43,5.7,scattered clouds
666,Hamilton,US,39.1834,-84.5333,49.93,77,0,5.75,clear sky
667,Margate,GB,51.3813,1.3862,48.69,85,3,4.0,clear sky
668,Beni Suef,EG,29.0731,31.0979,80.46,43,0,7.2,clear sky
669,Goma,CD,-1.6792,29.2228,65.05,78,98,2.15,overcast clouds
670,Awjilah,LY,29.1081,21.2869,82.13,29,0,8.5,clear sky
671,Upata,VE,8.0086,-62.3989,75.2,95,96,2.75,overcast clouds
672,Boffa,GN,10.1667,-14.0333,73.51,96,95,3.29,light rain
673,Goderich,CA,43.7501,-81.7165,54.91,85,98,15.21,light rain
674,Bonavista,CA,48.6499,-53.1147,62.78,89,100,23.0,overcast clouds
675,Isangel,VU,-19.55,169.2667,79.32,70,22,6.67,few clouds
676,Huangmei,CN,30.1924,116.025,87.19,44,60,0.67,broken clouds
677,Pitimbu,BR,-7.4706,-34.8086,72.19,77,5,9.78,clear sky
678,Adwa,ET,14.1646,38.8955,68.49,54,21,0.87,few clouds
679,Tooele,US,40.5308,-112.2983,68.97,34,0,10.36,clear sky
680,Zhanaozen,KZ,43.3,52.8,68.34,28,51,23.6,broken clouds
681,Puerto Colombia,CO,10.9878,-74.9547,78.89,79,100,4.94,overcast clouds
682,Ati,TD,13.2154,18.3353,76.15,73,100,7.05,overcast clouds
683,Muzhi,RU,65.3667,64.6667,31.05,75,96,9.66,overcast clouds
684,Mandalgovi,MN,45.7625,106.2708,72.93,17,80,29.53,broken clouds
685,Dubai,AE,25.2582,55.3047,89.89,66,40,6.91,scattered clouds
686,Coquimbo,CL,-29.9533,-71.3436,55.13,87,100,6.91,overcast clouds
687,Bara,NG,10.3744,10.7288,71.29,95,99,8.12,overcast clouds
688,Oxford,GB,51.7522,-1.256,45.77,95,12,4.56,few clouds
689,Camacha,PT,33.0833,-16.3333,63.82,72,40,4.61,scattered clouds
690,Vredendal,ZA,-31.6683,18.5012,54.73,66,80,1.99,broken clouds
691,Carutapera,BR,-1.195,-46.02,77.88,83,79,8.21,broken clouds
692,Zirandaro,MX,18.45,-100.9833,75.45,86,99,2.08,overcast clouds
693,Sakaiminato,JP,35.55,133.2333,72.0,67,82,14.67,broken clouds
694,Sol-Iletsk,RU,51.1631,54.9918,51.73,67,100,8.25,overcast clouds
695,Sao Paulo De Olivenca,BR,-3.3783,-68.8725,75.6,83,81,1.9,broken clouds
